trabajador_id,nombre,fecha_nacimiento,pasaporte,nombre_compania,codigo_compania,licencia_actual_id,vuelo_id,rol
4,Diane Swanson,14/02/1974,F08731569,KALITTA AIR,KAI,NULL,139,Tripulante de Cabina
35,Francisco Rich,21/02/1996,D89562085,IBERIA,IBE,NULL,124,Paramedico
15,Matthew Walsh,20/09/1993,S26547035,EASTERN AIRLINES,EAL,12,77,Copiloto
25,Danny Pratt,31/10/1998,E10934506,LATAM CARGO,UCA,47,147,Copiloto
59,Jacob Duran,25/02/1988,A85793465,NO_COMPANY,NCY,17,17,Piloto
43,Rebecca Valenzuela,18/08/1971,G17571521,BRITISH,BTA,NULL,94,Paramedico
0,Jessica Harvey,08/04/1996,L89163667,LATAM CARGO,UCA,37,143,Copiloto
53,Patricia Alvarado,01/08/1983,P27318304,BRITISH,BTA,NULL,27,Paramedico
35,Francisco Rich,21/02/1996,D89562085,OCEANAIR,COG,NULL,89,Paramedico
18,Michael Chavez,28/08/1976,O16330677,BRITISH,BTA,NULL,65,Tripulante de Cabina
23,Latasha Nelson,09/05/1986,V51246373,LACSA,LRC,49,130,Copiloto
12,Ronnie Moore,12/01/1997,L28170812,AEROVIAS DAP (centro/norte),ADC,NULL,87,Tripulante de Cabina
54,Gene Obrien,02/07/1999,Q49180524,LATAM INTER,LAT,0,100,Piloto
18,Michael Chavez,28/08/1976,O16330677,ETHOPIAN AIRLINES,ETA,NULL,25,Tripulante de Cabina
23,Latasha Nelson,09/05/1986,V51246373,LAW,LAW,49,82,Copiloto
17,Laura Ward,23/01/1981,I74549867,EASTERN AIRLINES,EAL,28,90,Copiloto
59,Jacob Duran,25/02/1988,A85793465,KOREAN AIR,KEA,17,3,Copiloto
14,Ronnie Macias,12/02/1988,J06543685,LATAM DOMESTICO,LUD,NULL,121,Tripulante de Cabina
47,Michael Compton,07/01/1980,T63857772,LATAM ARGENTINA,LAM,NULL,109,Paramedico
56,Isaiah Riley,18/09/1986,W12727804,UNITED,UAN,NULL,108,Tripulante de Cabina
8,Jason Edwards,09/02/1975,J22810925,LATAM INTER,LAT,15,132,Copiloto
8,Jason Edwards,09/02/1975,J22810925,ETHOPIAN AIRLINES,ETA,45,76,Copiloto
1,Melanie Cummings,01/09/1980,J00360904,LATAM DOMESTICO,LUD,NULL,50,Tripulante de Cabina
49,Kenneth Brady,06/11/1981,O21522167,KALITTA AIR,KAI,NULL,138,Paramedico
53,Patricia Alvarado,01/08/1983,P27318304,KALITTA AIR,KAI,NULL,43,Paramedico
59,Jacob Duran,25/02/1988,A85793465,KALITTA AIR,KAI,17,51,Piloto
21,Kimberly Brown,02/09/1999,H50641909,OCEANAIR,COG,51,111,Copiloto
12,Ronnie Moore,12/01/1997,L28170812,LAW,LAW,NULL,26,Tripulante de Cabina
52,Sara Sims,10/07/1999,F00773862,KALITTA AIR,KAI,NULL,54,Paramedico
22,Rodney Wilson,18/10/1973,R08362516,EASTERN AIRLINES,EAL,NULL,90,Tripulante de Cabina
0,Jessica Harvey,08/04/1996,L89163667,NO_COMPANY,NCY,37,86,Piloto
21,Kimberly Brown,02/09/1999,H50641909,KALITTA AIR,KAI,22,115,Piloto
24,Eric Phelps,01/10/1994,B96464671,LATAM ECUADOR,XLE,35,21,Piloto
33,Samantha Mora,27/10/1990,P24467352,BRITISH,BTA,NULL,91,Tripulante de Cabina
24,Eric Phelps,01/10/1994,B96464671,LATAM ECUADOR,XLE,35,84,Piloto
28,Nicholas Simmons,03/08/1994,W03439988,LAW,LAW,NULL,97,Tripulante de Cabina
50,Adam Herrera,04/12/1976,Y37241205,BRITISH,BTA,NULL,29,Paramedico
37,Joe Cabrera,13/08/1994,O98651462,LATAM INTER,LAT,25,83,Copiloto
47,Michael Compton,07/01/1980,T63857772,OCEANAIR,COG,NULL,98,Paramedico
8,Jason Edwards,09/02/1975,J22810925,ETHOPIAN AIRLINES,ETA,15,12,Piloto
8,Jason Edwards,09/02/1975,J22810925,LATAM CARGO,UCA,45,107,Copiloto
56,Isaiah Riley,18/09/1986,W12727804,OCEANAIR,COG,NULL,111,Tripulante de Cabina
12,Ronnie Moore,12/01/1997,L28170812,KOREAN AIR,KEA,NULL,113,Tripulante de Cabina
19,Desiree Williams,19/03/1993,Z32250364,LATAM DOMESTICO,LUD,NULL,6,Tripulante de Cabina
7,Curtis Gutierrez,14/03/1974,Q46419538,ALITALIA,AZI,7,19,Piloto
51,Kristina Gilmore,13/12/1985,B29047250,KALITTA AIR,KAI,NULL,53,Tripulante de Cabina
0,Jessica Harvey,08/04/1996,L89163667,LATAM CARGO,UCA,37,107,Piloto
58,Samuel Jimenez,07/01/1984,B79815379,BRITISH,BTA,NULL,33,Tripulante de Cabina
21,Kimberly Brown,02/09/1999,H50641909,AEROVIAS DAP (centro/norte),ADC,51,56,Copiloto
26,Elizabeth Jordan,16/09/1974,S70038299,MARTINAIR HOLLAND,MPH,NULL,118,Tripulante de Cabina
0,Jessica Harvey,08/04/1996,L89163667,LACSA,LRC,37,60,Piloto
50,Adam Herrera,04/12/1976,Y37241205,BRITISH,BTA,NULL,33,Paramedico
7,Curtis Gutierrez,14/03/1974,Q46419538,KALITTA AIR,KAI,7,141,Piloto
31,Linda Warren,13/03/1975,L01109034,LAW,LAW,50,9,Piloto
21,Kimberly Brown,02/09/1999,H50641909,KALITTA AIR,KAI,22,136,Piloto
7,Curtis Gutierrez,14/03/1974,Q46419538,KALITTA AIR,KAI,7,8,Piloto
35,Francisco Rich,21/02/1996,D89562085,QANTAS,QAF,NULL,106,Paramedico
26,Elizabeth Jordan,16/09/1974,S70038299,LAW,LAW,NULL,97,Tripulante de Cabina
24,Eric Phelps,01/10/1994,B96464671,LATAM CARGO,UCA,35,147,Piloto
10,Alex Deleon,03/10/1979,A35692355,ETHOPIAN AIRLINES,ETA,11,76,Piloto
25,Danny Pratt,31/10/1998,E10934506,BRITISH,BTA,36,128,Piloto
22,Rodney Wilson,18/10/1973,R08362516,KALITTA AIR,KAI,NULL,28,Tripulante de Cabina
8,Jason Edwards,09/02/1975,J22810925,LATAM CARGO,UCA,15,55,Copiloto
30,Daniel Callahan,13/09/1987,X88103341,LATAM DOMESTICO,LUD,NULL,121,Paramedico
53,Patricia Alvarado,01/08/1983,P27318304,KALITTA AIR,KAI,NULL,141,Paramedico
15,Matthew Walsh,20/09/1993,S26547035,LACSA,LRC,46,70,Piloto
25,Danny Pratt,31/10/1998,E10934506,AEROVIAS DAP (centro/norte),ADC,47,127,Copiloto
16,Tracey Harris,05/06/1978,C97271665,ETHOPIAN AIRLINES,ETA,NULL,12,Tripulante de Cabina
30,Daniel Callahan,13/09/1987,X88103341,LATAM ECUADOR,XLE,NULL,84,Paramedico
58,Samuel Jimenez,07/01/1984,B79815379,NO_COMPANY,NCY,NULL,39,Tripulante de Cabina
22,Rodney Wilson,18/10/1973,R08362516,LATAM ARGENTINA,LAM,NULL,131,Tripulante de Cabina
28,Nicholas Simmons,03/08/1994,W03439988,LATAM INTER,LAT,NULL,11,Tripulante de Cabina
23,Latasha Nelson,09/05/1986,V51246373,MARTINAIR HOLLAND,MPH,49,118,Copiloto
8,Jason Edwards,09/02/1975,J22810925,LATAM INTER,LAT,15,100,Copiloto
22,Rodney Wilson,18/10/1973,R08362516,LACSA,LRC,NULL,110,Tripulante de Cabina
31,Linda Warren,13/03/1975,L01109034,AEROVIAS DAP (centro/norte),ADC,50,127,Piloto
30,Daniel Callahan,13/09/1987,X88103341,LATAM ECUADOR,XLE,NULL,21,Paramedico
59,Jacob Duran,25/02/1988,A85793465,UNITED,UAN,17,108,Piloto
25,Danny Pratt,31/10/1998,E10934506,KALITTA AIR,KAI,47,139,Piloto
39,Patricia Norris,08/12/1974,Y69764268,QANTAS,QAF,NULL,42,Tripulante de Cabina
59,Jacob Duran,25/02/1988,A85793465,ALITALIA,AZI,17,59,Copiloto
25,Danny Pratt,31/10/1998,E10934506,BRITISH,BTA,36,33,Piloto
21,Kimberly Brown,02/09/1999,H50641909,KALITTA AIR,KAI,22,53,Copiloto
58,Samuel Jimenez,07/01/1984,B79815379,LACSA,LRC,NULL,44,Tripulante de Cabina
21,Kimberly Brown,02/09/1999,H50641909,KALITTA AIR,KAI,51,43,Piloto
0,Jessica Harvey,08/04/1996,L89163667,LATAM CARGO,UCA,37,146,Piloto
5,Miguel Oliver,27/08/1992,E21376006,ALITALIA,AZI,NULL,101,Tripulante de Cabina
22,Rodney Wilson,18/10/1973,R08362516,OCEANAIR,COG,NULL,36,Tripulante de Cabina
8,Jason Edwards,09/02/1975,J22810925,LACSA,LRC,15,110,Piloto
7,Curtis Gutierrez,14/03/1974,Q46419538,BRITISH,BTA,7,68,Piloto
22,Rodney Wilson,18/10/1973,R08362516,LACSA,LRC,NULL,24,Tripulante de Cabina
2,Melissa Jimenez,18/12/1998,W08204144,BRITISH,BTA,NULL,91,Tripulante de Cabina
13,Bradley Glenn,17/10/1975,U87751971,LATAM CARGO,UCA,NULL,144,Tripulante de Cabina
59,Jacob Duran,25/02/1988,A85793465,OCEANAIR,COG,48,73,Copiloto
22,Rodney Wilson,18/10/1973,R08362516,KALITTA AIR,KAI,NULL,8,Tripulante de Cabina
46,Heather Arnold,10/01/1999,Y81323264,LATAM DOMESTICO,LUD,NULL,102,Tripulante de Cabina
59,Jacob Duran,25/02/1988,A85793465,BRITISH,BTA,17,29,Copiloto
49,Kenneth Brady,06/11/1981,O21522167,LATAM DOMESTICO,LUD,NULL,30,Paramedico
7,Curtis Gutierrez,14/03/1974,Q46419538,KALITTA AIR,KAI,7,28,Copiloto
8,Jason Edwards,09/02/1975,J22810925,LATAM CARGO,UCA,45,144,Copiloto
15,Matthew Walsh,20/09/1993,S26547035,LACSA,LRC,46,44,Piloto
41,Jeffrey Roberts,02/12/1971,G16561693,IBERIA,IBE,19,124,Piloto
51,Kristina Gilmore,13/12/1985,B29047250,KALITTA AIR,KAI,NULL,137,Tripulante de Cabina
21,Kimberly Brown,02/09/1999,H50641909,OCEANAIR,COG,22,32,Copiloto
40,Brian Berry,22/12/1998,N92528667,LAW,LAW,NULL,35,Paramedico
8,Jason Edwards,09/02/1975,J22810925,ETHOPIAN AIRLINES,ETA,15,41,Copiloto
50,Adam Herrera,04/12/1976,Y37241205,LAW,LAW,NULL,105,Paramedico
59,Jacob Duran,25/02/1988,A85793465,LAW,LAW,17,35,Copiloto
41,Jeffrey Roberts,02/12/1971,G16561693,LATAM DOMESTICO,LUD,19,34,Copiloto
8,Jason Edwards,09/02/1975,J22810925,LATAM INTER,LAT,45,100,Copiloto
30,Daniel Callahan,13/09/1987,X88103341,LATAM ECUADOR,XLE,NULL,125,Paramedico
25,Danny Pratt,31/10/1998,E10934506,LATAM CARGO,UCA,47,144,Piloto
2,Melissa Jimenez,18/12/1998,W08204144,LAW,LAW,NULL,48,Tripulante de Cabina
25,Danny Pratt,31/10/1998,E10934506,AEROVIAS DAP (centro/norte),ADC,36,127,Copiloto
18,Michael Chavez,28/08/1976,O16330677,LATAM CARGO,UCA,NULL,142,Tripulante de Cabina
2,Melissa Jimenez,18/12/1998,W08204144,IBERIA,IBE,NULL,124,Tripulante de Cabina
2,Melissa Jimenez,18/12/1998,W08204144,LAW,LAW,NULL,26,Tripulante de Cabina
23,Latasha Nelson,09/05/1986,V51246373,LACSA,LRC,49,44,Copiloto
13,Bradley Glenn,17/10/1975,U87751971,KOREAN AIR,KEA,NULL,113,Tripulante de Cabina
38,Gabriel Palmer,18/08/1981,O88716397,LATAM DOMESTICO,LUD,40,45,Copiloto
56,Isaiah Riley,18/09/1986,W12727804,KALITTA AIR,KAI,NULL,139,Tripulante de Cabina
53,Patricia Alvarado,01/08/1983,P27318304,BRITISH,BTA,NULL,65,Paramedico
7,Curtis Gutierrez,14/03/1974,Q46419538,AEROVIAS DAP (centro/norte),ADC,7,71,Copiloto
22,Rodney Wilson,18/10/1973,R08362516,ALITALIA,AZI,NULL,101,Tripulante de Cabina
8,Jason Edwards,09/02/1975,J22810925,LATAM INTER,LAT,45,88,Copiloto
32,Darrell Henderson,14/03/1975,I87476188,LATAM CARGO,UCA,NULL,144,Paramedico
51,Kristina Gilmore,13/12/1985,B29047250,KALITTA AIR,KAI,NULL,51,Tripulante de Cabina
49,Kenneth Brady,06/11/1981,O21522167,LATAM DOMESTICO,LUD,NULL,50,Paramedico
37,Joe Cabrera,13/08/1994,O98651462,KOREAN AIR,KEA,25,63,Piloto
5,Miguel Oliver,27/08/1992,E21376006,ALITALIA,AZI,NULL,59,Tripulante de Cabina
37,Joe Cabrera,13/08/1994,O98651462,LAW,LAW,25,96,Piloto
59,Jacob Duran,25/02/1988,A85793465,QANTAS,QAF,48,31,Piloto
43,Rebecca Valenzuela,18/08/1971,G17571521,AEROVIAS DAP (centro/norte),ADC,NULL,71,Paramedico
25,Danny Pratt,31/10/1998,E10934506,LATAM ECUADOR,XLE,36,112,Copiloto
14,Ronnie Macias,12/02/1988,J06543685,EASTERN AIRLINES,EAL,NULL,90,Tripulante de Cabina
54,Gene Obrien,02/07/1999,Q49180524,KALITTA AIR,KAI,0,137,Copiloto
11,David Tran,07/08/1975,B62958600,LATAM DOMESTICO,LUD,NULL,34,Tripulante de Cabina
52,Sara Sims,10/07/1999,F00773862,KALITTA AIR,KAI,NULL,140,Paramedico
25,Danny Pratt,31/10/1998,E10934506,LATAM ECUADOR,XLE,47,21,Copiloto
35,Francisco Rich,21/02/1996,D89562085,IBERIA,IBE,NULL,78,Paramedico
21,Kimberly Brown,02/09/1999,H50641909,OCEANAIR,COG,51,32,Copiloto
2,Melissa Jimenez,18/12/1998,W08204144,LATAM DOMESTICO,LUD,NULL,34,Tripulante de Cabina
15,Matthew Walsh,20/09/1993,S26547035,LATAM INTER,LAT,12,134,Piloto
54,Gene Obrien,02/07/1999,Q49180524,LATAM INTER,LAT,0,132,Piloto
32,Darrell Henderson,14/03/1975,I87476188,LATAM CARGO,UCA,NULL,142,Paramedico
46,Heather Arnold,10/01/1999,Y81323264,UNITED,UAN,NULL,108,Tripulante de Cabina
21,Kimberly Brown,02/09/1999,H50641909,LATAM ECUADOR,XLE,22,135,Piloto
52,Sara Sims,10/07/1999,F00773862,LAW,LAW,NULL,9,Paramedico
2,Melissa Jimenez,18/12/1998,W08204144,IBERIA,IBE,NULL,93,Tripulante de Cabina
19,Desiree Williams,19/03/1993,Z32250364,LATAM ECUADOR,XLE,NULL,37,Tripulante de Cabina
48,Alex Walsh,12/12/1985,W59287703,LAW,LAW,NULL,35,Tripulante de Cabina
31,Linda Warren,13/03/1975,L01109034,LATAM ECUADOR,XLE,50,135,Copiloto
59,Jacob Duran,25/02/1988,A85793465,BRITISH,BTA,48,29,Copiloto
56,Isaiah Riley,18/09/1986,W12727804,IBERIA,IBE,NULL,104,Tripulante de Cabina
8,Jason Edwards,09/02/1975,J22810925,AEROVIAS DAP (centro/norte),ADC,45,87,Copiloto
27,Steven Hernandez,18/11/1997,Z48029074,NO_COMPANY,NCY,NULL,14,Paramedico
34,Ronald Monroe,12/09/1984,C02131672,LATAM ARGENTINA,LAM,41,109,Copiloto
4,Diane Swanson,14/02/1974,F08731569,LAW,LAW,NULL,105,Tripulante de Cabina
25,Danny Pratt,31/10/1998,E10934506,BRITISH,BTA,47,91,Piloto
25,Danny Pratt,31/10/1998,E10934506,LATAM CARGO,UCA,47,72,Piloto
38,Gabriel Palmer,18/08/1981,O88716397,EASTERN AIRLINES,EAL,31,123,Piloto
21,Kimberly Brown,02/09/1999,H50641909,KALITTA AIR,KAI,22,38,Piloto
25,Danny Pratt,31/10/1998,E10934506,BRITISH,BTA,47,128,Piloto
29,Mr. James Baxter,03/05/1982,H06267236,LATAM INTER,LAT,26,11,Piloto
10,Alex Deleon,03/10/1979,A35692355,LATAM ARGENTINA,LAM,11,66,Copiloto
14,Ronnie Macias,12/02/1988,J06543685,BRITISH,BTA,NULL,103,Tripulante de Cabina
8,Jason Edwards,09/02/1975,J22810925,AEROVIAS DAP (centro/norte),ADC,45,56,Piloto
42,Deborah Martinez,03/02/1987,G18065401,LACSA,LRC,NULL,44,Tripulante de Cabina
25,Danny Pratt,31/10/1998,E10934506,BRITISH,BTA,36,103,Copiloto
51,Kristina Gilmore,13/12/1985,B29047250,NO_COMPANY,NCY,NULL,23,Tripulante de Cabina
9,John Ross,16/03/1979,F40422038,QANTAS,QAF,29,126,Piloto
17,Laura Ward,23/01/1981,I74549867,LATAM INTER,LAT,28,79,Piloto
32,Darrell Henderson,14/03/1975,I87476188,LATAM CARGO,UCA,NULL,147,Paramedico
25,Danny Pratt,31/10/1998,E10934506,BRITISH,BTA,47,94,Copiloto
51,Kristina Gilmore,13/12/1985,B29047250,KALITTA AIR,KAI,NULL,139,Tripulante de Cabina
19,Desiree Williams,19/03/1993,Z32250364,ETHOPIAN AIRLINES,ETA,NULL,114,Tripulante de Cabina
39,Patricia Norris,08/12/1974,Y69764268,QANTAS,QAF,NULL,15,Tripulante de Cabina
15,Matthew Walsh,20/09/1993,S26547035,LATAM INTER,LAT,46,88,Piloto
13,Bradley Glenn,17/10/1975,U87751971,LATAM CARGO,UCA,NULL,107,Tripulante de Cabina
46,Heather Arnold,10/01/1999,Y81323264,LATAM DOMESTICO,LUD,NULL,6,Tripulante de Cabina
43,Rebecca Valenzuela,18/08/1971,G17571521,BRITISH,BTA,NULL,4,Paramedico
59,Jacob Duran,25/02/1988,A85793465,EASTERN AIRLINES,EAL,48,117,Copiloto
54,Gene Obrien,02/07/1999,Q49180524,KALITTA AIR,KAI,0,138,Piloto
32,Darrell Henderson,14/03/1975,I87476188,LATAM INTER,LAT,NULL,132,Paramedico
34,Ronald Monroe,12/09/1984,C02131672,LATAM ARGENTINA,LAM,2,109,Copiloto
49,Kenneth Brady,06/11/1981,O21522167,UNITED,UAN,NULL,108,Paramedico
21,Kimberly Brown,02/09/1999,H50641909,OCEANAIR,COG,22,36,Copiloto
8,Jason Edwards,09/02/1975,J22810925,AEROVIAS DAP (centro/norte),ADC,45,80,Copiloto
59,Jacob Duran,25/02/1988,A85793465,KALITTA AIR,KAI,17,13,Piloto
11,David Tran,07/08/1975,B62958600,LATAM DOMESTICO,LUD,NULL,6,Tripulante de Cabina
59,Jacob Duran,25/02/1988,A85793465,OCEANAIR,COG,48,111,Piloto
15,Matthew Walsh,20/09/1993,S26547035,LACSA,LRC,46,130,Piloto
15,Matthew Walsh,20/09/1993,S26547035,LACSA,LRC,12,44,Piloto
54,Gene Obrien,02/07/1999,Q49180524,KALITTA AIR,KAI,0,43,Copiloto
59,Jacob Duran,25/02/1988,A85793465,OCEANAIR,COG,48,98,Piloto
20,James Singleton,12/08/1977,U46471214,LATAM ARGENTINA,LAM,NULL,66,Paramedico
30,Daniel Callahan,13/09/1987,X88103341,LATAM ECUADOR,XLE,NULL,58,Paramedico
59,Jacob Duran,25/02/1988,A85793465,QANTAS,QAF,17,126,Copiloto
27,Steven Hernandez,18/11/1997,Z48029074,NO_COMPANY,NCY,NULL,57,Paramedico
58,Samuel Jimenez,07/01/1984,B79815379,UNITED,UAN,NULL,5,Tripulante de Cabina
48,Alex Walsh,12/12/1985,W59287703,ALITALIA,AZI,NULL,59,Tripulante de Cabina
43,Rebecca Valenzuela,18/08/1971,G17571521,AEROVIAS DAP (centro/norte),ADC,NULL,80,Paramedico
23,Latasha Nelson,09/05/1986,V51246373,LAW,LAW,49,26,Piloto
53,Patricia Alvarado,01/08/1983,P27318304,KALITTA AIR,KAI,NULL,133,Paramedico
50,Adam Herrera,04/12/1976,Y37241205,LATAM ECUADOR,XLE,NULL,95,Paramedico
40,Brian Berry,22/12/1998,N92528667,LATAM INTER,LAT,NULL,11,Paramedico
38,Gabriel Palmer,18/08/1981,O88716397,LATAM DOMESTICO,LUD,31,45,Copiloto
11,David Tran,07/08/1975,B62958600,NO_COMPANY,NCY,NULL,57,Tripulante de Cabina
15,Matthew Walsh,20/09/1993,S26547035,LATAM ARGENTINA,LAM,12,131,Copiloto
18,Michael Chavez,28/08/1976,O16330677,LATAM CARGO,UCA,NULL,145,Tripulante de Cabina
8,Jason Edwards,09/02/1975,J22810925,ETHOPIAN AIRLINES,ETA,45,120,Piloto
17,Laura Ward,23/01/1981,I74549867,ETHOPIAN AIRLINES,ETA,28,114,Piloto
24,Eric Phelps,01/10/1994,B96464671,KOREAN AIR,KEA,35,7,Copiloto
25,Danny Pratt,31/10/1998,E10934506,KALITTA AIR,KAI,36,139,Piloto
34,Ronald Monroe,12/09/1984,C02131672,OCEANAIR,COG,41,89,Piloto
52,Sara Sims,10/07/1999,F00773862,LAW,LAW,NULL,18,Paramedico
34,Ronald Monroe,12/09/1984,C02131672,UNITED,UAN,2,108,Copiloto
56,Isaiah Riley,18/09/1986,W12727804,OCEANAIR,COG,NULL,89,Tripulante de Cabina
59,Jacob Duran,25/02/1988,A85793465,LAW,LAW,17,48,Piloto
59,Jacob Duran,25/02/1988,A85793465,UNITED,UAN,48,99,Copiloto
37,Joe Cabrera,13/08/1994,O98651462,BRITISH,BTA,25,27,Copiloto
12,Ronnie Moore,12/01/1997,L28170812,KOREAN AIR,KEA,NULL,20,Tripulante de Cabina
59,Jacob Duran,25/02/1988,A85793465,KOREAN AIR,KEA,17,20,Copiloto
32,Darrell Henderson,14/03/1975,I87476188,LATAM INTER,LAT,NULL,67,Paramedico
37,Joe Cabrera,13/08/1994,O98651462,LAW,LAW,25,18,Piloto
16,Tracey Harris,05/06/1978,C97271665,ETHOPIAN AIRLINES,ETA,NULL,76,Tripulante de Cabina
58,Samuel Jimenez,07/01/1984,B79815379,BRITISH,BTA,NULL,1,Tripulante de Cabina
56,Isaiah Riley,18/09/1986,W12727804,LATAM ARGENTINA,LAM,NULL,0,Tripulante de Cabina
22,Rodney Wilson,18/10/1973,R08362516,KALITTA AIR,KAI,NULL,136,Tripulante de Cabina
8,Jason Edwards,09/02/1975,J22810925,LATAM ARGENTINA,LAM,15,109,Piloto
14,Ronnie Macias,12/02/1988,J06543685,BRITISH,BTA,NULL,81,Tripulante de Cabina
40,Brian Berry,22/12/1998,N92528667,NO_COMPANY,NCY,NULL,86,Paramedico
8,Jason Edwards,09/02/1975,J22810925,LATAM DOMESTICO,LUD,15,45,Piloto
28,Nicholas Simmons,03/08/1994,W03439988,LATAM INTER,LAT,NULL,132,Tripulante de Cabina
15,Matthew Walsh,20/09/1993,S26547035,LATAM INTER,LAT,12,88,Piloto
45,Jill Haas,10/04/1986,U50608611,EASTERN AIRLINES,EAL,NULL,123,Paramedico
19,Desiree Williams,19/03/1993,Z32250364,AEROVIAS DAP (centro/norte),ADC,NULL,87,Tripulante de Cabina
56,Isaiah Riley,18/09/1986,W12727804,LATAM ARGENTINA,LAM,NULL,66,Tripulante de Cabina
8,Jason Edwards,09/02/1975,J22810925,LATAM ARGENTINA,LAM,15,0,Piloto
59,Jacob Duran,25/02/1988,A85793465,LAW,LAW,48,52,Copiloto
18,Michael Chavez,28/08/1976,O16330677,BRITISH,BTA,NULL,103,Tripulante de Cabina
4,Diane Swanson,14/02/1974,F08731569,OCEANAIR,COG,NULL,111,Tripulante de Cabina
22,Rodney Wilson,18/10/1973,R08362516,OCEANAIR,COG,NULL,89,Tripulante de Cabina
38,Gabriel Palmer,18/08/1981,O88716397,UNITED,UAN,31,99,Piloto              
7,Curtis Gutierrez,14/03/1974,Q46419538,BRITISH,BTA,7,128,Copiloto
46,Heather Arnold,10/01/1999,Y81323264,KALITTA AIR,KAI,NULL,136,Tripulante de Cabina
8,Jason Edwards,09/02/1975,J22810925,ETHOPIAN AIRLINES,ETA,45,41,Copiloto
38,Gabriel Palmer,18/08/1981,O88716397,EASTERN AIRLINES,EAL,40,90,Piloto
59,Jacob Duran,25/02/1988,A85793465,ALITALIA,AZI,17,101,Copiloto
21,Kimberly Brown,02/09/1999,H50641909,KALITTA AIR,KAI,22,139,Copiloto
46,Heather Arnold,10/01/1999,Y81323264,LATAM DOMESTICO,LUD,NULL,30,Tripulante de Cabina
20,James Singleton,12/08/1977,U46471214,LACSA,LRC,NULL,44,Paramedico
46,Heather Arnold,10/01/1999,Y81323264,LATAM DOMESTICO,LUD,NULL,45,Tripulante de Cabina
52,Sara Sims,10/07/1999,F00773862,ETHOPIAN AIRLINES,ETA,NULL,114,Paramedico
34,Ronald Monroe,12/09/1984,C02131672,QANTAS,QAF,41,106,Copiloto
15,Matthew Walsh,20/09/1993,S26547035,LACSA,LRC,12,70,Piloto
48,Alex Walsh,12/12/1985,W59287703,LAW,LAW,NULL,48,Tripulante de Cabina
48,Alex Walsh,12/12/1985,W59287703,ALITALIA,AZI,NULL,40,Tripulante de Cabina
16,Tracey Harris,05/06/1978,C97271665,LATAM ECUADOR,XLE,NULL,95,Tripulante de Cabina
8,Jason Edwards,09/02/1975,J22810925,LATAM ARGENTINA,LAM,15,131,Piloto
30,Daniel Callahan,13/09/1987,X88103341,LATAM CARGO,UCA,NULL,143,Paramedico
38,Gabriel Palmer,18/08/1981,O88716397,UNITED,UAN,31,5,Copiloto
25,Danny Pratt,31/10/1998,E10934506,KALITTA AIR,KAI,36,137,Piloto
52,Sara Sims,10/07/1999,F00773862,ETHOPIAN AIRLINES,ETA,NULL,69,Paramedico
10,Alex Deleon,03/10/1979,A35692355,ETHOPIAN AIRLINES,ETA,11,69,Piloto
56,Isaiah Riley,18/09/1986,W12727804,BRITISH,BTA,NULL,94,Tripulante de Cabina
47,Michael Compton,07/01/1980,T63857772,LATAM ARGENTINA,LAM,NULL,131,Paramedico
11,David Tran,07/08/1975,B62958600,LATAM DOMESTICO,LUD,NULL,45,Tripulante de Cabina
26,Elizabeth Jordan,16/09/1974,S70038299,LAW,LAW,NULL,48,Tripulante de Cabina
58,Samuel Jimenez,07/01/1984,B79815379,BRITISH,BTA,NULL,68,Tripulante de Cabina
40,Brian Berry,22/12/1998,N92528667,LATAM INTER,LAT,NULL,83,Paramedico
53,Patricia Alvarado,01/08/1983,P27318304,KALITTA AIR,KAI,NULL,38,Paramedico
37,Joe Cabrera,13/08/1994,O98651462,BRITISH,BTA,25,4,Piloto
25,Danny Pratt,31/10/1998,E10934506,BRITISH,BTA,36,91,Piloto
25,Danny Pratt,31/10/1998,E10934506,BRITISH,BTA,36,81,Piloto
22,Rodney Wilson,18/10/1973,R08362516,UNITED,UAN,NULL,99,Tripulante de Cabina
58,Samuel Jimenez,07/01/1984,B79815379,BRITISH,BTA,NULL,65,Tripulante de Cabina
21,Kimberly Brown,02/09/1999,H50641909,AEROVIAS DAP (centro/norte),ADC,51,61,Piloto
20,James Singleton,12/08/1977,U46471214,LACSA,LRC,NULL,110,Paramedico
39,Patricia Norris,08/12/1974,Y69764268,LAW,LAW,NULL,9,Tripulante de Cabina
21,Kimberly Brown,02/09/1999,H50641909,KALITTA AIR,KAI,51,54,Piloto
21,Kimberly Brown,02/09/1999,H50641909,LATAM ECUADOR,XLE,22,84,Copiloto
10,Alex Deleon,03/10/1979,A35692355,IBERIA,IBE,11,78,Piloto
56,Isaiah Riley,18/09/1986,W12727804,OCEANAIR,COG,NULL,47,Tripulante de Cabina
23,Latasha Nelson,09/05/1986,V51246373,NO_COMPANY,NCY,49,22,Piloto
21,Kimberly Brown,02/09/1999,H50641909,KALITTA AIR,KAI,51,139,Copiloto
24,Eric Phelps,01/10/1994,B96464671,LATAM CARGO,UCA,35,146,Copiloto
23,Latasha Nelson,09/05/1986,V51246373,LAW,LAW,49,96,Copiloto
16,Tracey Harris,05/06/1978,C97271665,ETHOPIAN AIRLINES,ETA,NULL,25,Tripulante de Cabina
47,Michael Compton,07/01/1980,T63857772,OCEANAIR,COG,NULL,129,Paramedico
26,Elizabeth Jordan,16/09/1974,S70038299,MARTINAIR HOLLAND,MPH,NULL,92,Tripulante de Cabina
19,Desiree Williams,19/03/1993,Z32250364,LATAM DOMESTICO,LUD,NULL,50,Tripulante de Cabina
2,Melissa Jimenez,18/12/1998,W08204144,IBERIA,IBE,NULL,46,Tripulante de Cabina
59,Jacob Duran,25/02/1988,A85793465,KALITTA AIR,KAI,17,140,Copiloto
19,Desiree Williams,19/03/1993,Z32250364,AEROVIAS DAP (centro/norte),ADC,NULL,119,Tripulante de Cabina
25,Danny Pratt,31/10/1998,E10934506,KALITTA AIR,KAI,47,141,Copiloto
2,Melissa Jimenez,18/12/1998,W08204144,IBERIA,IBE,NULL,104,Tripulante de Cabina
2,Melissa Jimenez,18/12/1998,W08204144,KALITTA AIR,KAI,NULL,138,Tripulante de Cabina
19,Desiree Williams,19/03/1993,Z32250364,LATAM ECUADOR,XLE,NULL,85,Tripulante de Cabina
21,Kimberly Brown,02/09/1999,H50641909,KALITTA AIR,KAI,51,133,Piloto
0,Jessica Harvey,08/04/1996,L89163667,LATAM CARGO,UCA,37,148,Piloto
25,Danny Pratt,31/10/1998,E10934506,KALITTA AIR,KAI,47,137,Piloto
25,Danny Pratt,31/10/1998,E10934506,LATAM CARGO,UCA,36,142,Piloto
46,Heather Arnold,10/01/1999,Y81323264,LATAM DOMESTICO,LUD,NULL,121,Tripulante de Cabina
37,Joe Cabrera,13/08/1994,O98651462,KOREAN AIR,KEA,25,3,Piloto
51,Kristina Gilmore,13/12/1985,B29047250,NO_COMPANY,NCY,NULL,116,Tripulante de Cabina
34,Ronald Monroe,12/09/1984,C02131672,LATAM DOMESTICO,LUD,2,121,Copiloto
17,Laura Ward,23/01/1981,I74549867,LATAM INTER,LAT,28,134,Copiloto
58,Samuel Jimenez,07/01/1984,B79815379,BRITISH,BTA,NULL,103,Tripulante de Cabina
58,Samuel Jimenez,07/01/1984,B79815379,LACSA,LRC,NULL,60,Tripulante de Cabina
2,Melissa Jimenez,18/12/1998,W08204144,BRITISH,BTA,NULL,33,Tripulante de Cabina
29,Mr. James Baxter,03/05/1982,H06267236,LATAM INTER,LAT,44,11,Piloto
59,Jacob Duran,25/02/1988,A85793465,LAW,LAW,17,52,Copiloto
25,Danny Pratt,31/10/1998,E10934506,LATAM CARGO,UCA,36,148,Copiloto
22,Rodney Wilson,18/10/1973,R08362516,EASTERN AIRLINES,EAL,NULL,77,Tripulante de Cabina
22,Rodney Wilson,18/10/1973,R08362516,ALITALIA,AZI,NULL,59,Tripulante de Cabina
27,Steven Hernandez,18/11/1997,Z48029074,NO_COMPANY,NCY,NULL,62,Paramedico
25,Danny Pratt,31/10/1998,E10934506,AEROVIAS DAP (centro/norte),ADC,36,119,Copiloto
24,Eric Phelps,01/10/1994,B96464671,LATAM ECUADOR,XLE,35,125,Piloto
43,Rebecca Valenzuela,18/08/1971,G17571521,BRITISH,BTA,NULL,103,Paramedico
59,Jacob Duran,25/02/1988,A85793465,LAW,LAW,17,9,Copiloto
24,Eric Phelps,01/10/1994,B96464671,IBERIA,IBE,35,104,Piloto
59,Jacob Duran,25/02/1988,A85793465,QANTAS,QAF,17,31,Piloto
21,Kimberly Brown,02/09/1999,H50641909,KALITTA AIR,KAI,22,133,Piloto
25,Danny Pratt,31/10/1998,E10934506,BRITISH,BTA,36,94,Copiloto
8,Jason Edwards,09/02/1975,J22810925,LATAM DOMESTICO,LUD,45,45,Piloto
52,Sara Sims,10/07/1999,F00773862,KALITTA AIR,KAI,NULL,137,Paramedico
5,Miguel Oliver,27/08/1992,E21376006,KALITTA AIR,KAI,NULL,141,Tripulante de Cabina
25,Danny Pratt,31/10/1998,E10934506,AEROVIAS DAP (centro/norte),ADC,47,80,Piloto
1,Melanie Cummings,01/09/1980,J00360904,LATAM DOMESTICO,LUD,NULL,45,Tripulante de Cabina
42,Deborah Martinez,03/02/1987,G18065401,KALITTA AIR,KAI,NULL,138,Tripulante de Cabina
26,Elizabeth Jordan,16/09/1974,S70038299,LAW,LAW,NULL,26,Tripulante de Cabina
4,Diane Swanson,14/02/1974,F08731569,KALITTA AIR,KAI,NULL,136,Tripulante de Cabina
4,Diane Swanson,14/02/1974,F08731569,OCEANAIR,COG,NULL,47,Tripulante de Cabina
16,Tracey Harris,05/06/1978,C97271665,EASTERN AIRLINES,EAL,NULL,123,Tripulante de Cabina
32,Darrell Henderson,14/03/1975,I87476188,LATAM CARGO,UCA,NULL,72,Paramedico
18,Michael Chavez,28/08/1976,O16330677,LATAM CARGO,UCA,NULL,107,Tripulante de Cabina
5,Miguel Oliver,27/08/1992,E21376006,LATAM DOMESTICO,LUD,NULL,121,Tripulante de Cabina
12,Ronnie Moore,12/01/1997,L28170812,KOREAN AIR,KEA,NULL,7,Tripulante de Cabina
46,Heather Arnold,10/01/1999,Y81323264,KALITTA AIR,KAI,NULL,8,Tripulante de Cabina
56,Isaiah Riley,18/09/1986,W12727804,OCEANAIR,COG,NULL,98,Tripulante de Cabina
21,Kimberly Brown,02/09/1999,H50641909,LATAM ECUADOR,XLE,51,135,Piloto
25,Danny Pratt,31/10/1998,E10934506,AEROVIAS DAP (centro/norte),ADC,36,80,Piloto
8,Jason Edwards,09/02/1975,J22810925,LATAM ARGENTINA,LAM,45,131,Piloto
59,Jacob Duran,25/02/1988,A85793465,QANTAS,QAF,48,15,Copiloto
34,Ronald Monroe,12/09/1984,C02131672,LATAM DOMESTICO,LUD,2,50,Copiloto
33,Samantha Mora,27/10/1990,P24467352,BRITISH,BTA,NULL,33,Tripulante de Cabina
21,Kimberly Brown,02/09/1999,H50641909,OCEANAIR,COG,51,98,Copiloto
37,Joe Cabrera,13/08/1994,O98651462,OCEANAIR,COG,25,129,Piloto
25,Danny Pratt,31/10/1998,E10934506,LATAM CARGO,UCA,36,55,Piloto
59,Jacob Duran,25/02/1988,A85793465,KALITTA AIR,KAI,48,51,Piloto
8,Jason Edwards,09/02/1975,J22810925,LATAM ARGENTINA,LAM,45,0,Piloto
33,Samantha Mora,27/10/1990,P24467352,QANTAS,QAF,NULL,42,Tripulante de Cabina
18,Michael Chavez,28/08/1976,O16330677,LATAM CARGO,UCA,NULL,72,Tripulante de Cabina
42,Deborah Martinez,03/02/1987,G18065401,ALITALIA,AZI,NULL,49,Tripulante de Cabina
37,Joe Cabrera,13/08/1994,O98651462,BRITISH,BTA,25,81,Copiloto
20,James Singleton,12/08/1977,U46471214,LACSA,LRC,NULL,60,Paramedico
18,Michael Chavez,28/08/1976,O16330677,ETHOPIAN AIRLINES,ETA,NULL,41,Tripulante de Cabina
47,Michael Compton,07/01/1980,T63857772,OCEANAIR,COG,NULL,111,Paramedico
46,Heather Arnold,10/01/1999,Y81323264,LATAM DOMESTICO,LUD,NULL,50,Tripulante de Cabina
0,Jessica Harvey,08/04/1996,L89163667,LATAM CARGO,UCA,37,145,Copiloto
9,John Ross,16/03/1979,F40422038,QANTAS,QAF,29,31,Copiloto
16,Tracey Harris,05/06/1978,C97271665,ETHOPIAN AIRLINES,ETA,NULL,120,Tripulante de Cabina
0,Jessica Harvey,08/04/1996,L89163667,NO_COMPANY,NCY,37,122,Copiloto
54,Gene Obrien,02/07/1999,Q49180524,ALITALIA,AZI,0,75,Piloto
31,Linda Warren,13/03/1975,L01109034,NO_COMPANY,NCY,50,39,Copiloto
13,Bradley Glenn,17/10/1975,U87751971,LATAM CARGO,UCA,NULL,147,Tripulante de Cabina
35,Francisco Rich,21/02/1996,D89562085,OCEANAIR,COG,NULL,32,Paramedico
39,Patricia Norris,08/12/1974,Y69764268,LAW,LAW,NULL,96,Tripulante de Cabina
8,Jason Edwards,09/02/1975,J22810925,LATAM INTER,LAT,15,88,Copiloto
25,Danny Pratt,31/10/1998,E10934506,KALITTA AIR,KAI,47,38,Copiloto
19,Desiree Williams,19/03/1993,Z32250364,ETHOPIAN AIRLINES,ETA,NULL,120,Tripulante de Cabina
8,Jason Edwards,09/02/1975,J22810925,LATAM INTER,LAT,15,67,Piloto
19,Desiree Williams,19/03/1993,Z32250364,LATAM ECUADOR,XLE,NULL,112,Tripulante de Cabina
5,Miguel Oliver,27/08/1992,E21376006,ALITALIA,AZI,NULL,40,Tripulante de Cabina
20,James Singleton,12/08/1977,U46471214,KOREAN AIR,KEA,NULL,3,Paramedico
9,John Ross,16/03/1979,F40422038,UNITED,UAN,29,5,Piloto
39,Patricia Norris,08/12/1974,Y69764268,LAW,LAW,NULL,16,Tripulante de Cabina
52,Sara Sims,10/07/1999,F00773862,KALITTA AIR,KAI,NULL,13,Paramedico
28,Nicholas Simmons,03/08/1994,W03439988,LATAM INTER,LAT,NULL,79,Tripulante de Cabina
2,Melissa Jimenez,18/12/1998,W08204144,LATAM DOMESTICO,LUD,NULL,121,Tripulante de Cabina
50,Adam Herrera,04/12/1976,Y37241205,LAW,LAW,NULL,2,Paramedico
25,Danny Pratt,31/10/1998,E10934506,AEROVIAS DAP (centro/norte),ADC,47,119,Copiloto
0,Jessica Harvey,08/04/1996,L89163667,NO_COMPANY,NCY,37,22,Copiloto
52,Sara Sims,10/07/1999,F00773862,ETHOPIAN AIRLINES,ETA,NULL,120,Paramedico
18,Michael Chavez,28/08/1976,O16330677,ETHOPIAN AIRLINES,ETA,NULL,76,Tripulante de Cabina
18,Michael Chavez,28/08/1976,O16330677,BRITISH,BTA,NULL,1,Tripulante de Cabina
10,Alex Deleon,03/10/1979,A35692355,MARTINAIR HOLLAND,MPH,11,92,Copiloto
1,Melanie Cummings,01/09/1980,J00360904,LATAM ECUADOR,XLE,NULL,37,Tripulante de Cabina
27,Steven Hernandez,18/11/1997,Z48029074,ALITALIA,AZI,NULL,40,Paramedico
59,Jacob Duran,25/02/1988,A85793465,EASTERN AIRLINES,EAL,48,74,Piloto
2,Melissa Jimenez,18/12/1998,W08204144,LAW,LAW,NULL,9,Tripulante de Cabina
40,Brian Berry,22/12/1998,N92528667,LATAM INTER,LAT,NULL,88,Paramedico
41,Jeffrey Roberts,02/12/1971,G16561693,LATAM DOMESTICO,LUD,19,102,Piloto
25,Danny Pratt,31/10/1998,E10934506,LATAM CARGO,UCA,36,72,Piloto
21,Kimberly Brown,02/09/1999,H50641909,AEROVIAS DAP (centro/norte),ADC,22,61,Piloto
24,Eric Phelps,01/10/1994,B96464671,IBERIA,IBE,35,93,Copiloto
9,John Ross,16/03/1979,F40422038,QANTAS,QAF,29,106,Piloto
2,Melissa Jimenez,18/12/1998,W08204144,KALITTA AIR,KAI,NULL,136,Tripulante de Cabina
38,Gabriel Palmer,18/08/1981,O88716397,EASTERN AIRLINES,EAL,31,90,Piloto
42,Deborah Martinez,03/02/1987,G18065401,KALITTA AIR,KAI,NULL,137,Tripulante de Cabina
20,James Singleton,12/08/1977,U46471214,LACSA,LRC,NULL,70,Paramedico
5,Miguel Oliver,27/08/1992,E21376006,KALITTA AIR,KAI,NULL,38,Tripulante de Cabina
25,Danny Pratt,31/10/1998,E10934506,LATAM CARGO,UCA,47,145,Piloto
20,James Singleton,12/08/1977,U46471214,KOREAN AIR,KEA,NULL,63,Paramedico
12,Ronnie Moore,12/01/1997,L28170812,LAW,LAW,NULL,97,Tripulante de Cabina
27,Steven Hernandez,18/11/1997,Z48029074,ALITALIA,AZI,NULL,49,Paramedico
25,Danny Pratt,31/10/1998,E10934506,LATAM ECUADOR,XLE,36,95,Piloto
38,Gabriel Palmer,18/08/1981,O88716397,UNITED,UAN,40,5,Copiloto
51,Kristina Gilmore,13/12/1985,B29047250,LAW,LAW,NULL,96,Tripulante de Cabina
59,Jacob Duran,25/02/1988,A85793465,KOREAN AIR,KEA,48,20,Copiloto
34,Ronald Monroe,12/09/1984,C02131672,LATAM DOMESTICO,LUD,41,34,Piloto
23,Latasha Nelson,09/05/1986,V51246373,NO_COMPANY,NCY,49,116,Piloto
26,Elizabeth Jordan,16/09/1974,S70038299,LAW,LAW,NULL,52,Tripulante de Cabina
38,Gabriel Palmer,18/08/1981,O88716397,EASTERN AIRLINES,EAL,40,123,Piloto
58,Samuel Jimenez,07/01/1984,B79815379,NO_COMPANY,NCY,NULL,86,Tripulante de Cabina
25,Danny Pratt,31/10/1998,E10934506,LATAM ECUADOR,XLE,36,37,Piloto
58,Samuel Jimenez,07/01/1984,B79815379,NO_COMPANY,NCY,NULL,23,Tripulante de Cabina
4,Diane Swanson,14/02/1974,F08731569,KALITTA AIR,KAI,NULL,38,Tripulante de Cabina
56,Isaiah Riley,18/09/1986,W12727804,OCEANAIR,COG,NULL,129,Tripulante de Cabina
59,Jacob Duran,25/02/1988,A85793465,NO_COMPANY,NCY,17,39,Piloto
37,Joe Cabrera,13/08/1994,O98651462,LAW,LAW,25,16,Piloto
27,Steven Hernandez,18/11/1997,Z48029074,ALITALIA,AZI,NULL,101,Paramedico
52,Sara Sims,10/07/1999,F00773862,ETHOPIAN AIRLINES,ETA,NULL,10,Paramedico
35,Francisco Rich,21/02/1996,D89562085,OCEANAIR,COG,NULL,73,Paramedico
25,Danny Pratt,31/10/1998,E10934506,LATAM ECUADOR,XLE,47,58,Copiloto
12,Ronnie Moore,12/01/1997,L28170812,KOREAN AIR,KEA,NULL,3,Tripulante de Cabina
12,Ronnie Moore,12/01/1997,L28170812,LAW,LAW,NULL,96,Tripulante de Cabina
23,Latasha Nelson,09/05/1986,V51246373,NO_COMPANY,NCY,49,62,Piloto
40,Brian Berry,22/12/1998,N92528667,LAW,LAW,NULL,97,Paramedico
2,Melissa Jimenez,18/12/1998,W08204144,BRITISH,BTA,NULL,81,Tripulante de Cabina
51,Kristina Gilmore,13/12/1985,B29047250,LAW,LAW,NULL,52,Tripulante de Cabina
34,Ronald Monroe,12/09/1984,C02131672,UNITED,UAN,41,108,Copiloto
22,Rodney Wilson,18/10/1973,R08362516,LATAM ARGENTINA,LAM,NULL,0,Tripulante de Cabina
11,David Tran,07/08/1975,B62958600,NO_COMPANY,NCY,NULL,122,Tripulante de Cabina
34,Ronald Monroe,12/09/1984,C02131672,LATAM DOMESTICO,LUD,2,102,Copiloto
25,Danny Pratt,31/10/1998,E10934506,BRITISH,BTA,36,29,Piloto
59,Jacob Duran,25/02/1988,A85793465,OCEANAIR,COG,17,111,Piloto
31,Linda Warren,13/03/1975,L01109034,LAW,LAW,50,97,Copiloto
59,Jacob Duran,25/02/1988,A85793465,BRITISH,BTA,48,1,Copiloto
8,Jason Edwards,09/02/1975,J22810925,ETHOPIAN AIRLINES,ETA,15,76,Copiloto
59,Jacob Duran,25/02/1988,A85793465,KALITTA AIR,KAI,48,13,Piloto
7,Curtis Gutierrez,14/03/1974,Q46419538,KALITTA AIR,KAI,7,136,Copiloto
23,Latasha Nelson,09/05/1986,V51246373,MARTINAIR HOLLAND,MPH,49,92,Piloto
21,Kimberly Brown,02/09/1999,H50641909,IBERIA,IBE,51,124,Copiloto
51,Kristina Gilmore,13/12/1985,B29047250,LAW,LAW,NULL,26,Tripulante de Cabina
14,Ronnie Macias,12/02/1988,J06543685,EASTERN AIRLINES,EAL,NULL,117,Tripulante de Cabina
53,Patricia Alvarado,01/08/1983,P27318304,KALITTA AIR,KAI,NULL,115,Paramedico
26,Elizabeth Jordan,16/09/1974,S70038299,LAW,LAW,NULL,35,Tripulante de Cabina
46,Heather Arnold,10/01/1999,Y81323264,KALITTA AIR,KAI,NULL,115,Tripulante de Cabina
28,Nicholas Simmons,03/08/1994,W03439988,LATAM DOMESTICO,LUD,NULL,45,Tripulante de Cabina
7,Curtis Gutierrez,14/03/1974,Q46419538,KALITTA AIR,KAI,7,13,Copiloto
14,Ronnie Macias,12/02/1988,J06543685,BRITISH,BTA,NULL,33,Tripulante de Cabina
41,Jeffrey Roberts,02/12/1971,G16561693,ETHOPIAN AIRLINES,ETA,19,10,Copiloto
47,Michael Compton,07/01/1980,T63857772,EASTERN AIRLINES,EAL,NULL,90,Paramedico
9,John Ross,16/03/1979,F40422038,BRITISH,BTA,29,33,Copiloto
56,Isaiah Riley,18/09/1986,W12727804,IBERIA,IBE,NULL,46,Tripulante de Cabina
13,Bradley Glenn,17/10/1975,U87751971,KALITTA AIR,KAI,NULL,138,Tripulante de Cabina
47,Michael Compton,07/01/1980,T63857772,EASTERN AIRLINES,EAL,NULL,77,Paramedico
5,Miguel Oliver,27/08/1992,E21376006,LATAM DOMESTICO,LUD,NULL,30,Tripulante de Cabina
12,Ronnie Moore,12/01/1997,L28170812,AEROVIAS DAP (centro/norte),ADC,NULL,119,Tripulante de Cabina
52,Sara Sims,10/07/1999,F00773862,ETHOPIAN AIRLINES,ETA,NULL,12,Paramedico
28,Nicholas Simmons,03/08/1994,W03439988,LATAM DOMESTICO,LUD,NULL,30,Tripulante de Cabina
15,Matthew Walsh,20/09/1993,S26547035,LATAM ARGENTINA,LAM,46,131,Copiloto
8,Jason Edwards,09/02/1975,J22810925,LACSA,LRC,45,110,Piloto
35,Francisco Rich,21/02/1996,D89562085,QANTAS,QAF,NULL,126,Paramedico
16,Tracey Harris,05/06/1978,C97271665,LATAM ECUADOR,XLE,NULL,112,Tripulante de Cabina
34,Ronald Monroe,12/09/1984,C02131672,LATAM DOMESTICO,LUD,41,102,Copiloto
27,Steven Hernandez,18/11/1997,Z48029074,NO_COMPANY,NCY,NULL,116,Paramedico
21,Kimberly Brown,02/09/1999,H50641909,LATAM ECUADOR,XLE,51,84,Copiloto
59,Jacob Duran,25/02/1988,A85793465,NO_COMPANY,NCY,17,86,Copiloto
51,Kristina Gilmore,13/12/1985,B29047250,KALITTA AIR,KAI,NULL,140,Tripulante de Cabina
5,Miguel Oliver,27/08/1992,E21376006,ALITALIA,AZI,NULL,75,Tripulante de Cabina
49,Kenneth Brady,06/11/1981,O21522167,LATAM DOMESTICO,LUD,NULL,102,Paramedico
38,Gabriel Palmer,18/08/1981,O88716397,EASTERN AIRLINES,EAL,40,117,Piloto
2,Melissa Jimenez,18/12/1998,W08204144,IBERIA,IBE,NULL,78,Tripulante de Cabina
58,Samuel Jimenez,07/01/1984,B79815379,NO_COMPANY,NCY,NULL,122,Tripulante de Cabina
38,Gabriel Palmer,18/08/1981,O88716397,EASTERN AIRLINES,EAL,40,77,Piloto
39,Patricia Norris,08/12/1974,Y69764268,QANTAS,QAF,NULL,126,Tripulante de Cabina
33,Samantha Mora,27/10/1990,P24467352,BRITISH,BTA,NULL,65,Tripulante de Cabina
16,Tracey Harris,05/06/1978,C97271665,LATAM ECUADOR,XLE,NULL,125,Tripulante de Cabina
45,Jill Haas,10/04/1986,U50608611,EASTERN AIRLINES,EAL,NULL,74,Paramedico
0,Jessica Harvey,08/04/1996,L89163667,NO_COMPANY,NCY,37,62,Copiloto
46,Heather Arnold,10/01/1999,Y81323264,KALITTA AIR,KAI,NULL,38,Tripulante de Cabina
24,Eric Phelps,01/10/1994,B96464671,LATAM ECUADOR,XLE,35,85,Copiloto
0,Jessica Harvey,08/04/1996,L89163667,LACSA,LRC,37,70,Copiloto
23,Latasha Nelson,09/05/1986,V51246373,LACSA,LRC,49,24,Copiloto
24,Eric Phelps,01/10/1994,B96464671,LATAM ECUADOR,XLE,35,112,Piloto
11,David Tran,07/08/1975,B62958600,NO_COMPANY,NCY,NULL,22,Tripulante de Cabina
32,Darrell Henderson,14/03/1975,I87476188,LATAM INTER,LAT,NULL,79,Paramedico
41,Jeffrey Roberts,02/12/1971,G16561693,IBERIA,IBE,19,93,Piloto
48,Alex Walsh,12/12/1985,W59287703,LAW,LAW,NULL,52,Tripulante de Cabina
53,Patricia Alvarado,01/08/1983,P27318304,AEROVIAS DAP (centro/norte),ADC,NULL,61,Paramedico
31,Linda Warren,13/03/1975,L01109034,AEROVIAS DAP (centro/norte),ADC,50,71,Piloto
28,Nicholas Simmons,03/08/1994,W03439988,LAW,LAW,NULL,9,Tripulante de Cabina
24,Eric Phelps,01/10/1994,B96464671,ETHOPIAN AIRLINES,ETA,35,25,Copiloto
49,Kenneth Brady,06/11/1981,O21522167,UNITED,UAN,NULL,99,Paramedico
17,Laura Ward,23/01/1981,I74549867,OCEANAIR,COG,28,47,Copiloto
52,Sara Sims,10/07/1999,F00773862,LAW,LAW,NULL,26,Paramedico
7,Curtis Gutierrez,14/03/1974,Q46419538,BRITISH,BTA,7,1,Piloto
20,James Singleton,12/08/1977,U46471214,LACSA,LRC,NULL,24,Paramedico
23,Latasha Nelson,09/05/1986,V51246373,LAW,LAW,49,52,Piloto
59,Jacob Duran,25/02/1988,A85793465,OCEANAIR,COG,17,129,Copiloto
56,Isaiah Riley,18/09/1986,W12727804,KALITTA AIR,KAI,NULL,115,Tripulante de Cabina
23,Latasha Nelson,09/05/1986,V51246373,NO_COMPANY,NCY,49,14,Piloto
25,Danny Pratt,31/10/1998,E10934506,LATAM ECUADOR,XLE,36,125,Copiloto
25,Danny Pratt,31/10/1998,E10934506,LATAM CARGO,UCA,47,148,Copiloto
17,Laura Ward,23/01/1981,I74549867,OCEANAIR,COG,28,89,Copiloto
12,Ronnie Moore,12/01/1997,L28170812,AEROVIAS DAP (centro/norte),ADC,NULL,127,Tripulante de Cabina
31,Linda Warren,13/03/1975,L01109034,NO_COMPANY,NCY,50,23,Piloto
16,Tracey Harris,05/06/1978,C97271665,ETHOPIAN AIRLINES,ETA,NULL,10,Tripulante de Cabina
59,Jacob Duran,25/02/1988,A85793465,NO_COMPANY,NCY,48,57,Copiloto
4,Diane Swanson,14/02/1974,F08731569,OCEANAIR,COG,NULL,98,Tripulante de Cabina
42,Deborah Martinez,03/02/1987,G18065401,ALITALIA,AZI,NULL,19,Tripulante de Cabina
27,Steven Hernandez,18/11/1997,Z48029074,NO_COMPANY,NCY,NULL,17,Paramedico
31,Linda Warren,13/03/1975,L01109034,LATAM ECUADOR,XLE,50,37,Copiloto
38,Gabriel Palmer,18/08/1981,O88716397,EASTERN AIRLINES,EAL,40,74,Copiloto
12,Ronnie Moore,12/01/1997,L28170812,AEROVIAS DAP (centro/norte),ADC,NULL,61,Tripulante de Cabina
8,Jason Edwards,09/02/1975,J22810925,LATAM ARGENTINA,LAM,45,109,Piloto
49,Kenneth Brady,06/11/1981,O21522167,KALITTA AIR,KAI,NULL,139,Paramedico
50,Adam Herrera,04/12/1976,Y37241205,LATAM ECUADOR,XLE,NULL,85,Paramedico
59,Jacob Duran,25/02/1988,A85793465,EASTERN AIRLINES,EAL,17,117,Copiloto
31,Linda Warren,13/03/1975,L01109034,LATAM ECUADOR,XLE,50,85,Piloto
59,Jacob Duran,25/02/1988,A85793465,NO_COMPANY,NCY,48,86,Copiloto
37,Joe Cabrera,13/08/1994,O98651462,KOREAN AIR,KEA,25,113,Piloto
15,Matthew Walsh,20/09/1993,S26547035,LACSA,LRC,12,130,Piloto
25,Danny Pratt,31/10/1998,E10934506,BRITISH,BTA,47,29,Piloto
40,Brian Berry,22/12/1998,N92528667,NO_COMPANY,NCY,NULL,39,Paramedico
25,Danny Pratt,31/10/1998,E10934506,LATAM CARGO,UCA,36,147,Copiloto
31,Linda Warren,13/03/1975,L01109034,LAW,LAW,50,26,Copiloto
41,Jeffrey Roberts,02/12/1971,G16561693,LATAM DOMESTICO,LUD,19,50,Piloto
24,Eric Phelps,01/10/1994,B96464671,LATAM ECUADOR,XLE,35,58,Piloto
53,Patricia Alvarado,01/08/1983,P27318304,BRITISH,BTA,NULL,91,Paramedico
58,Samuel Jimenez,07/01/1984,B79815379,NO_COMPANY,NCY,NULL,17,Tripulante de Cabina
59,Jacob Duran,25/02/1988,A85793465,LATAM ARGENTINA,LAM,17,66,Piloto
7,Curtis Gutierrez,14/03/1974,Q46419538,KALITTA AIR,KAI,7,133,Copiloto
51,Kristina Gilmore,13/12/1985,B29047250,KALITTA AIR,KAI,NULL,38,Tripulante de Cabina
7,Curtis Gutierrez,14/03/1974,Q46419538,KALITTA AIR,KAI,7,54,Copiloto
53,Patricia Alvarado,01/08/1983,P27318304,AEROVIAS DAP (centro/norte),ADC,NULL,56,Paramedico
48,Alex Walsh,12/12/1985,W59287703,LAW,LAW,NULL,9,Tripulante de Cabina
4,Diane Swanson,14/02/1974,F08731569,OCEANAIR,COG,NULL,32,Tripulante de Cabina
11,David Tran,07/08/1975,B62958600,LATAM INTER,LAT,NULL,132,Tripulante de Cabina
25,Danny Pratt,31/10/1998,E10934506,LATAM ECUADOR,XLE,47,37,Piloto
25,Danny Pratt,31/10/1998,E10934506,LATAM CARGO,UCA,36,144,Piloto
35,Francisco Rich,21/02/1996,D89562085,IBERIA,IBE,NULL,93,Paramedico
22,Rodney Wilson,18/10/1973,R08362516,OCEANAIR,COG,NULL,73,Tripulante de Cabina
25,Danny Pratt,31/10/1998,E10934506,KALITTA AIR,KAI,36,138,Copiloto
52,Sara Sims,10/07/1999,F00773862,KALITTA AIR,KAI,NULL,28,Paramedico
56,Isaiah Riley,18/09/1986,W12727804,KALITTA AIR,KAI,NULL,38,Tripulante de Cabina
27,Steven Hernandez,18/11/1997,Z48029074,ALITALIA,AZI,NULL,59,Paramedico
31,Linda Warren,13/03/1975,L01109034,LAW,LAW,50,105,Piloto
40,Brian Berry,22/12/1998,N92528667,ETHOPIAN AIRLINES,ETA,NULL,25,Paramedico
59,Jacob Duran,25/02/1988,A85793465,BRITISH,BTA,17,1,Copiloto
10,Alex Deleon,03/10/1979,A35692355,LATAM ARGENTINA,LAM,11,0,Copiloto
13,Bradley Glenn,17/10/1975,U87751971,KOREAN AIR,KEA,NULL,63,Tripulante de Cabina
15,Matthew Walsh,20/09/1993,S26547035,IBERIA,IBE,12,46,Piloto
9,John Ross,16/03/1979,F40422038,BRITISH,BTA,29,65,Copiloto
9,John Ross,16/03/1979,F40422038,BRITISH,BTA,29,27,Piloto
59,Jacob Duran,25/02/1988,A85793465,NO_COMPANY,NCY,48,17,Piloto
42,Deborah Martinez,03/02/1987,G18065401,LACSA,LRC,NULL,130,Tripulante de Cabina
34,Ronald Monroe,12/09/1984,C02131672,OCEANAIR,COG,41,73,Piloto
23,Latasha Nelson,09/05/1986,V51246373,LAW,LAW,49,97,Piloto
42,Deborah Martinez,03/02/1987,G18065401,KALITTA AIR,KAI,NULL,51,Tripulante de Cabina
13,Bradley Glenn,17/10/1975,U87751971,KALITTA AIR,KAI,NULL,139,Tripulante de Cabina
5,Miguel Oliver,27/08/1992,E21376006,KALITTA AIR,KAI,NULL,136,Tripulante de Cabina
35,Francisco Rich,21/02/1996,D89562085,OCEANAIR,COG,NULL,36,Paramedico
31,Linda Warren,13/03/1975,L01109034,ETHOPIAN AIRLINES,ETA,50,69,Copiloto
33,Samantha Mora,27/10/1990,P24467352,QANTAS,QAF,NULL,31,Tripulante de Cabina
18,Michael Chavez,28/08/1976,O16330677,LATAM CARGO,UCA,NULL,143,Tripulante de Cabina
30,Daniel Callahan,13/09/1987,X88103341,LATAM DOMESTICO,LUD,NULL,6,Paramedico
54,Gene Obrien,02/07/1999,Q49180524,LATAM INTER,LAT,0,11,Copiloto
59,Jacob Duran,25/02/1988,A85793465,KALITTA AIR,KAI,48,53,Piloto
37,Joe Cabrera,13/08/1994,O98651462,OCEANAIR,COG,25,32,Piloto
0,Jessica Harvey,08/04/1996,L89163667,ALITALIA,AZI,37,49,Copiloto
59,Jacob Duran,25/02/1988,A85793465,LATAM ARGENTINA,LAM,48,66,Piloto
43,Rebecca Valenzuela,18/08/1971,G17571521,BRITISH,BTA,NULL,1,Paramedico
34,Ronald Monroe,12/09/1984,C02131672,LATAM DOMESTICO,LUD,41,30,Copiloto
5,Miguel Oliver,27/08/1992,E21376006,UNITED,UAN,NULL,5,Tripulante de Cabina
24,Eric Phelps,01/10/1994,B96464671,LATAM CARGO,UCA,35,143,Piloto
8,Jason Edwards,09/02/1975,J22810925,AEROVIAS DAP (centro/norte),ADC,15,80,Copiloto
59,Jacob Duran,25/02/1988,A85793465,OCEANAIR,COG,17,98,Piloto
54,Gene Obrien,02/07/1999,Q49180524,ALITALIA,AZI,0,49,Piloto
7,Curtis Gutierrez,14/03/1974,Q46419538,AEROVIAS DAP (centro/norte),ADC,7,61,Copiloto
37,Joe Cabrera,13/08/1994,O98651462,LAW,LAW,25,2,Copiloto
21,Kimberly Brown,02/09/1999,H50641909,KALITTA AIR,KAI,51,28,Piloto
59,Jacob Duran,25/02/1988,A85793465,ALITALIA,AZI,48,101,Copiloto
0,Jessica Harvey,08/04/1996,L89163667,IBERIA,IBE,37,78,Copiloto
59,Jacob Duran,25/02/1988,A85793465,KALITTA AIR,KAI,48,140,Copiloto
7,Curtis Gutierrez,14/03/1974,Q46419538,AEROVIAS DAP (centro/norte),ADC,7,87,Piloto
39,Patricia Norris,08/12/1974,Y69764268,AEROVIAS DAP (centro/norte),ADC,NULL,71,Tripulante de Cabina
59,Jacob Duran,25/02/1988,A85793465,OCEANAIR,COG,17,73,Copiloto
48,Alex Walsh,12/12/1985,W59287703,ALITALIA,AZI,NULL,101,Tripulante de Cabina
41,Jeffrey Roberts,02/12/1971,G16561693,ETHOPIAN AIRLINES,ETA,19,114,Copiloto
13,Bradley Glenn,17/10/1975,U87751971,KALITTA AIR,KAI,NULL,38,Tripulante de Cabina
0,Jessica Harvey,08/04/1996,L89163667,LATAM CARGO,UCA,37,72,Copiloto
51,Kristina Gilmore,13/12/1985,B29047250,KALITTA AIR,KAI,NULL,115,Tripulante de Cabina
21,Kimberly Brown,02/09/1999,H50641909,KALITTA AIR,KAI,22,43,Piloto
59,Jacob Duran,25/02/1988,A85793465,QANTAS,QAF,17,15,Copiloto
5,Miguel Oliver,27/08/1992,E21376006,KALITTA AIR,KAI,NULL,13,Tripulante de Cabina
38,Gabriel Palmer,18/08/1981,O88716397,EASTERN AIRLINES,EAL,31,77,Piloto
31,Linda Warren,13/03/1975,L01109034,NO_COMPANY,NCY,50,14,Copiloto
35,Francisco Rich,21/02/1996,D89562085,IBERIA,IBE,NULL,104,Paramedico
56,Isaiah Riley,18/09/1986,W12727804,BRITISH,BTA,NULL,1,Tripulante de Cabina
28,Nicholas Simmons,03/08/1994,W03439988,LAW,LAW,NULL,52,Tripulante de Cabina
37,Joe Cabrera,13/08/1994,O98651462,BRITISH,BTA,25,68,Copiloto
37,Joe Cabrera,13/08/1994,O98651462,LAW,LAW,25,105,Copiloto
52,Sara Sims,10/07/1999,F00773862,KALITTA AIR,KAI,NULL,136,Paramedico
23,Latasha Nelson,09/05/1986,V51246373,LAW,LAW,49,48,Copiloto
51,Kristina Gilmore,13/12/1985,B29047250,KALITTA AIR,KAI,NULL,54,Tripulante de Cabina
37,Joe Cabrera,13/08/1994,O98651462,BRITISH,BTA,25,94,Piloto
25,Danny Pratt,31/10/1998,E10934506,LATAM ECUADOR,XLE,36,58,Copiloto
56,Isaiah Riley,18/09/1986,W12727804,LATAM ARGENTINA,LAM,NULL,131,Tripulante de Cabina
59,Jacob Duran,25/02/1988,A85793465,ALITALIA,AZI,48,59,Copiloto
0,Jessica Harvey,08/04/1996,L89163667,IBERIA,IBE,37,46,Copiloto
8,Jason Edwards,09/02/1975,J22810925,LACSA,LRC,45,60,Copiloto
34,Ronald Monroe,12/09/1984,C02131672,OCEANAIR,COG,41,47,Piloto
59,Jacob Duran,25/02/1988,A85793465,BRITISH,BTA,17,65,Piloto
32,Darrell Henderson,14/03/1975,I87476188,LATAM INTER,LAT,NULL,134,Paramedico
54,Gene Obrien,02/07/1999,Q49180524,KALITTA AIR,KAI,0,115,Copiloto
52,Sara Sims,10/07/1999,F00773862,ETHOPIAN AIRLINES,ETA,NULL,41,Paramedico
30,Daniel Callahan,13/09/1987,X88103341,LATAM ECUADOR,XLE,NULL,112,Paramedico
25,Danny Pratt,31/10/1998,E10934506,KALITTA AIR,KAI,36,141,Copiloto
15,Matthew Walsh,20/09/1993,S26547035,LACSA,LRC,12,24,Piloto
38,Gabriel Palmer,18/08/1981,O88716397,EASTERN AIRLINES,EAL,31,117,Piloto
33,Samantha Mora,27/10/1990,P24467352,BRITISH,BTA,NULL,1,Tripulante de Cabina
13,Bradley Glenn,17/10/1975,U87751971,LATAM CARGO,UCA,NULL,146,Tripulante de Cabina
13,Bradley Glenn,17/10/1975,U87751971,KOREAN AIR,KEA,NULL,20,Tripulante de Cabina
10,Alex Deleon,03/10/1979,A35692355,ETHOPIAN AIRLINES,ETA,11,12,Copiloto
21,Kimberly Brown,02/09/1999,H50641909,KALITTA AIR,KAI,51,38,Piloto
54,Gene Obrien,02/07/1999,Q49180524,LATAM INTER,LAT,0,83,Piloto
21,Kimberly Brown,02/09/1999,H50641909,IBERIA,IBE,22,124,Copiloto
1,Melanie Cummings,01/09/1980,J00360904,LATAM DOMESTICO,LUD,NULL,34,Tripulante de Cabina
15,Matthew Walsh,20/09/1993,S26547035,IBERIA,IBE,46,46,Piloto
43,Rebecca Valenzuela,18/08/1971,G17571521,AEROVIAS DAP (centro/norte),ADC,NULL,87,Paramedico
5,Miguel Oliver,27/08/1992,E21376006,KALITTA AIR,KAI,NULL,138,Tripulante de Cabina
49,Kenneth Brady,06/11/1981,O21522167,KALITTA AIR,KAI,NULL,8,Paramedico
46,Heather Arnold,10/01/1999,Y81323264,KALITTA AIR,KAI,NULL,133,Tripulante de Cabina
28,Nicholas Simmons,03/08/1994,W03439988,LATAM INTER,LAT,NULL,88,Tripulante de Cabina
58,Samuel Jimenez,07/01/1984,B79815379,BRITISH,BTA,NULL,29,Tripulante de Cabina
41,Jeffrey Roberts,02/12/1971,G16561693,KOREAN AIR,KEA,19,20,Piloto
50,Adam Herrera,04/12/1976,Y37241205,LATAM ECUADOR,XLE,NULL,37,Paramedico
59,Jacob Duran,25/02/1988,A85793465,KALITTA AIR,KAI,17,53,Piloto
45,Jill Haas,10/04/1986,U50608611,LAW,LAW,NULL,48,Paramedico
47,Michael Compton,07/01/1980,T63857772,OCEANAIR,COG,NULL,47,Paramedico
2,Melissa Jimenez,18/12/1998,W08204144,KALITTA AIR,KAI,NULL,141,Tripulante de Cabina
59,Jacob Duran,25/02/1988,A85793465,BRITISH,BTA,48,4,Copiloto
18,Michael Chavez,28/08/1976,O16330677,LATAM CARGO,UCA,NULL,148,Tripulante de Cabina
48,Alex Walsh,12/12/1985,W59287703,LAW,LAW,NULL,97,Tripulante de Cabina
34,Ronald Monroe,12/09/1984,C02131672,QANTAS,QAF,2,42,Piloto
8,Jason Edwards,09/02/1975,J22810925,LATAM INTER,LAT,45,67,Piloto
49,Kenneth Brady,06/11/1981,O21522167,LATAM DOMESTICO,LUD,NULL,34,Paramedico
34,Ronald Monroe,12/09/1984,C02131672,QANTAS,QAF,2,106,Copiloto
25,Danny Pratt,31/10/1998,E10934506,KALITTA AIR,KAI,36,8,Copiloto
25,Danny Pratt,31/10/1998,E10934506,BRITISH,BTA,47,33,Piloto
19,Desiree Williams,19/03/1993,Z32250364,LATAM ECUADOR,XLE,NULL,135,Tripulante de Cabina
4,Diane Swanson,14/02/1974,F08731569,OCEANAIR,COG,NULL,129,Tripulante de Cabina
34,Ronald Monroe,12/09/1984,C02131672,OCEANAIR,COG,2,47,Piloto
7,Curtis Gutierrez,14/03/1974,Q46419538,BRITISH,BTA,7,103,Piloto
21,Kimberly Brown,02/09/1999,H50641909,OCEANAIR,COG,22,111,Copiloto
53,Patricia Alvarado,01/08/1983,P27318304,BRITISH,BTA,NULL,81,Paramedico
51,Kristina Gilmore,13/12/1985,B29047250,LAW,LAW,NULL,97,Tripulante de Cabina
56,Isaiah Riley,18/09/1986,W12727804,LATAM ARGENTINA,LAM,NULL,109,Tripulante de Cabina
50,Adam Herrera,04/12/1976,Y37241205,UNITED,UAN,NULL,5,Paramedico
54,Gene Obrien,02/07/1999,Q49180524,KOREAN AIR,KEA,0,113,Copiloto
22,Rodney Wilson,18/10/1973,R08362516,KALITTA AIR,KAI,NULL,139,Tripulante de Cabina
27,Steven Hernandez,18/11/1997,Z48029074,ALITALIA,AZI,NULL,75,Paramedico
28,Nicholas Simmons,03/08/1994,W03439988,LATAM INTER,LAT,NULL,134,Tripulante de Cabina
22,Rodney Wilson,18/10/1973,R08362516,LATAM ARGENTINA,LAM,NULL,109,Tripulante de Cabina
59,Jacob Duran,25/02/1988,A85793465,LAW,LAW,48,2,Piloto
18,Michael Chavez,28/08/1976,O16330677,LATAM CARGO,UCA,NULL,55,Tripulante de Cabina
47,Michael Compton,07/01/1980,T63857772,ETHOPIAN AIRLINES,ETA,NULL,76,Paramedico
45,Jill Haas,10/04/1986,U50608611,LAW,LAW,NULL,52,Paramedico
51,Kristina Gilmore,13/12/1985,B29047250,NO_COMPANY,NCY,NULL,57,Tripulante de Cabina
2,Melissa Jimenez,18/12/1998,W08204144,LATAM DOMESTICO,LUD,NULL,45,Tripulante de Cabina
4,Diane Swanson,14/02/1974,F08731569,LAW,LAW,NULL,9,Tripulante de Cabina
8,Jason Edwards,09/02/1975,J22810925,LATAM CARGO,UCA,45,142,Copiloto
58,Samuel Jimenez,07/01/1984,B79815379,LACSA,LRC,NULL,70,Tripulante de Cabina
22,Rodney Wilson,18/10/1973,R08362516,EASTERN AIRLINES,EAL,NULL,74,Tripulante de Cabina
34,Ronald Monroe,12/09/1984,C02131672,LATAM DOMESTICO,LUD,41,50,Copiloto
46,Heather Arnold,10/01/1999,Y81323264,KALITTA AIR,KAI,NULL,138,Tripulante de Cabina
17,Laura Ward,23/01/1981,I74549867,ETHOPIAN AIRLINES,ETA,28,41,Piloto
25,Danny Pratt,31/10/1998,E10934506,LATAM CARGO,UCA,47,142,Piloto
25,Danny Pratt,31/10/1998,E10934506,BRITISH,BTA,47,103,Copiloto
11,David Tran,07/08/1975,B62958600,LATAM INTER,LAT,NULL,11,Tripulante de Cabina
59,Jacob Duran,25/02/1988,A85793465,EASTERN AIRLINES,EAL,17,74,Piloto
51,Kristina Gilmore,13/12/1985,B29047250,NO_COMPANY,NCY,NULL,39,Tripulante de Cabina
40,Brian Berry,22/12/1998,N92528667,NO_COMPANY,NCY,NULL,122,Paramedico
34,Ronald Monroe,12/09/1984,C02131672,QANTAS,QAF,41,42,Piloto
21,Kimberly Brown,02/09/1999,H50641909,KALITTA AIR,KAI,51,53,Copiloto
46,Heather Arnold,10/01/1999,Y81323264,KALITTA AIR,KAI,NULL,137,Tripulante de Cabina
58,Samuel Jimenez,07/01/1984,B79815379,AEROVIAS DAP (centro/norte),ADC,NULL,87,Tripulante de Cabina
2,Melissa Jimenez,18/12/1998,W08204144,LAW,LAW,NULL,96,Tripulante de Cabina
45,Jill Haas,10/04/1986,U50608611,MARTINAIR HOLLAND,MPH,NULL,92,Paramedico
37,Joe Cabrera,13/08/1994,O98651462,KOREAN AIR,KEA,25,7,Piloto
38,Gabriel Palmer,18/08/1981,O88716397,LATAM DOMESTICO,LUD,40,121,Piloto
42,Deborah Martinez,03/02/1987,G18065401,KALITTA AIR,KAI,NULL,115,Tripulante de Cabina
31,Linda Warren,13/03/1975,L01109034,NO_COMPANY,NCY,50,17,Copiloto
40,Brian Berry,22/12/1998,N92528667,LAW,LAW,NULL,82,Paramedico
17,Laura Ward,23/01/1981,I74549867,MARTINAIR HOLLAND,MPH,28,118,Piloto
31,Linda Warren,13/03/1975,L01109034,LAW,LAW,50,16,Copiloto
4,Diane Swanson,14/02/1974,F08731569,LAW,LAW,NULL,2,Tripulante de Cabina
21,Kimberly Brown,02/09/1999,H50641909,KALITTA AIR,KAI,51,140,Piloto
34,Ronald Monroe,12/09/1984,C02131672,LATAM DOMESTICO,LUD,2,6,Piloto
25,Danny Pratt,31/10/1998,E10934506,BRITISH,BTA,47,81,Piloto
8,Jason Edwards,09/02/1975,J22810925,LATAM DOMESTICO,LUD,45,64,Copiloto
25,Danny Pratt,31/10/1998,E10934506,LATAM CARGO,UCA,47,55,Piloto
22,Rodney Wilson,18/10/1973,R08362516,UNITED,UAN,NULL,108,Tripulante de Cabina
58,Samuel Jimenez,07/01/1984,B79815379,BRITISH,BTA,NULL,128,Tripulante de Cabina
30,Daniel Callahan,13/09/1987,X88103341,LATAM ECUADOR,XLE,NULL,135,Paramedico
56,Isaiah Riley,18/09/1986,W12727804,OCEANAIR,COG,NULL,36,Tripulante de Cabina
0,Jessica Harvey,08/04/1996,L89163667,NO_COMPANY,NCY,37,23,Copiloto
17,Laura Ward,23/01/1981,I74549867,OCEANAIR,COG,28,36,Piloto
51,Kristina Gilmore,13/12/1985,B29047250,NO_COMPANY,NCY,NULL,14,Tripulante de Cabina
8,Jason Edwards,09/02/1975,J22810925,AEROVIAS DAP (centro/norte),ADC,15,119,Piloto
8,Jason Edwards,09/02/1975,J22810925,LATAM DOMESTICO,LUD,15,6,Copiloto
39,Patricia Norris,08/12/1974,Y69764268,QANTAS,QAF,NULL,106,Tripulante de Cabina
0,Jessica Harvey,08/04/1996,L89163667,ALITALIA,AZI,37,59,Piloto
7,Curtis Gutierrez,14/03/1974,Q46419538,KALITTA AIR,KAI,7,51,Copiloto
58,Samuel Jimenez,07/01/1984,B79815379,AEROVIAS DAP (centro/norte),ADC,NULL,80,Tripulante de Cabina
2,Melissa Jimenez,18/12/1998,W08204144,LAW,LAW,NULL,2,Tripulante de Cabina
40,Brian Berry,22/12/1998,N92528667,NO_COMPANY,NCY,NULL,22,Paramedico
50,Adam Herrera,04/12/1976,Y37241205,BRITISH,BTA,NULL,68,Paramedico
5,Miguel Oliver,27/08/1992,E21376006,ALITALIA,AZI,NULL,19,Tripulante de Cabina
56,Isaiah Riley,18/09/1986,W12727804,KALITTA AIR,KAI,NULL,140,Tripulante de Cabina
20,James Singleton,12/08/1977,U46471214,KOREAN AIR,KEA,NULL,7,Paramedico
8,Jason Edwards,09/02/1975,J22810925,LATAM DOMESTICO,LUD,45,6,Copiloto
59,Jacob Duran,25/02/1988,A85793465,NO_COMPANY,NCY,48,39,Piloto
37,Joe Cabrera,13/08/1994,O98651462,LAW,LAW,25,82,Piloto
56,Isaiah Riley,18/09/1986,W12727804,KALITTA AIR,KAI,NULL,136,Tripulante de Cabina
41,Jeffrey Roberts,02/12/1971,G16561693,IBERIA,IBE,19,104,Copiloto
14,Ronnie Macias,12/02/1988,J06543685,BRITISH,BTA,NULL,29,Tripulante de Cabina
59,Jacob Duran,25/02/1988,A85793465,KOREAN AIR,KEA,48,3,Copiloto
14,Ronnie Macias,12/02/1988,J06543685,LATAM DOMESTICO,LUD,NULL,64,Tripulante de Cabina
21,Kimberly Brown,02/09/1999,H50641909,KALITTA AIR,KAI,51,115,Piloto
8,Jason Edwards,09/02/1975,J22810925,LATAM INTER,LAT,45,132,Copiloto
25,Danny Pratt,31/10/1998,E10934506,LATAM ECUADOR,XLE,47,95,Piloto
21,Kimberly Brown,02/09/1999,H50641909,KALITTA AIR,KAI,22,28,Piloto
38,Gabriel Palmer,18/08/1981,O88716397,LATAM DOMESTICO,LUD,31,121,Piloto
37,Joe Cabrera,13/08/1994,O98651462,LATAM INTER,LAT,25,79,Copiloto
8,Jason Edwards,09/02/1975,J22810925,LATAM CARGO,UCA,15,107,Copiloto
58,Samuel Jimenez,07/01/1984,B79815379,AEROVIAS DAP (centro/norte),ADC,NULL,119,Tripulante de Cabina
16,Tracey Harris,05/06/1978,C97271665,LATAM ECUADOR,XLE,NULL,84,Tripulante de Cabina
22,Rodney Wilson,18/10/1973,R08362516,LACSA,LRC,NULL,130,Tripulante de Cabina
15,Matthew Walsh,20/09/1993,S26547035,EASTERN AIRLINES,EAL,46,77,Copiloto
8,Jason Edwards,09/02/1975,J22810925,LATAM DOMESTICO,LUD,15,64,Copiloto
59,Jacob Duran,25/02/1988,A85793465,QANTAS,QAF,48,126,Copiloto
59,Jacob Duran,25/02/1988,A85793465,BRITISH,BTA,48,65,Piloto
19,Desiree Williams,19/03/1993,Z32250364,LATAM DOMESTICO,LUD,NULL,121,Tripulante de Cabina
21,Kimberly Brown,02/09/1999,H50641909,KALITTA AIR,KAI,22,54,Piloto
15,Matthew Walsh,20/09/1993,S26547035,LACSA,LRC,46,24,Piloto
41,Jeffrey Roberts,02/12/1971,G16561693,LATAM DOMESTICO,LUD,19,30,Piloto
25,Danny Pratt,31/10/1998,E10934506,LATAM ECUADOR,XLE,47,112,Copiloto
43,Rebecca Valenzuela,18/08/1971,G17571521,AEROVIAS DAP (centro/norte),ADC,NULL,119,Paramedico
0,Jessica Harvey,08/04/1996,L89163667,NO_COMPANY,NCY,37,116,Copiloto
16,Tracey Harris,05/06/1978,C97271665,ETHOPIAN AIRLINES,ETA,NULL,41,Tripulante de Cabina
56,Isaiah Riley,18/09/1986,W12727804,BRITISH,BTA,NULL,27,Tripulante de Cabina
46,Heather Arnold,10/01/1999,Y81323264,KALITTA AIR,KAI,NULL,28,Tripulante de Cabina
20,James Singleton,12/08/1977,U46471214,KOREAN AIR,KEA,NULL,113,Paramedico
35,Francisco Rich,21/02/1996,D89562085,IBERIA,IBE,NULL,46,Paramedico
49,Kenneth Brady,06/11/1981,O21522167,LATAM DOMESTICO,LUD,NULL,45,Paramedico
26,Elizabeth Jordan,16/09/1974,S70038299,LAW,LAW,NULL,96,Tripulante de Cabina
59,Jacob Duran,25/02/1988,A85793465,UNITED,UAN,17,99,Copiloto
8,Jason Edwards,09/02/1975,J22810925,AEROVIAS DAP (centro/norte),ADC,45,119,Piloto
19,Desiree Williams,19/03/1993,Z32250364,LATAM ECUADOR,XLE,NULL,125,Tripulante de Cabina
34,Ronald Monroe,12/09/1984,C02131672,LATAM DOMESTICO,LUD,41,6,Piloto
52,Sara Sims,10/07/1999,F00773862,KALITTA AIR,KAI,NULL,51,Paramedico
31,Linda Warren,13/03/1975,L01109034,ETHOPIAN AIRLINES,ETA,50,10,Piloto
45,Jill Haas,10/04/1986,U50608611,MARTINAIR HOLLAND,MPH,NULL,118,Paramedico
41,Jeffrey Roberts,02/12/1971,G16561693,ETHOPIAN AIRLINES,ETA,19,25,Piloto
12,Ronnie Moore,12/01/1997,L28170812,AEROVIAS DAP (centro/norte),ADC,NULL,80,Tripulante de Cabina
51,Kristina Gilmore,13/12/1985,B29047250,NO_COMPANY,NCY,NULL,22,Tripulante de Cabina
2,Melissa Jimenez,18/12/1998,W08204144,BRITISH,BTA,NULL,68,Tripulante de Cabina
59,Jacob Duran,25/02/1988,A85793465,LAW,LAW,48,48,Piloto
38,Gabriel Palmer,18/08/1981,O88716397,EASTERN AIRLINES,EAL,31,74,Copiloto
4,Diane Swanson,14/02/1974,F08731569,LAW,LAW,NULL,48,Tripulante de Cabina
8,Jason Edwards,09/02/1975,J22810925,ETHOPIAN AIRLINES,ETA,45,12,Piloto
37,Joe Cabrera,13/08/1994,O98651462,LAW,LAW,25,35,Piloto
1,Melanie Cummings,01/09/1980,J00360904,LATAM ECUADOR,XLE,NULL,21,Tripulante de Cabina
51,Kristina Gilmore,13/12/1985,B29047250,KALITTA AIR,KAI,NULL,138,Tripulante de Cabina
25,Danny Pratt,31/10/1998,E10934506,LATAM ECUADOR,XLE,47,125,Copiloto
34,Ronald Monroe,12/09/1984,C02131672,OCEANAIR,COG,2,73,Piloto
1,Melanie Cummings,01/09/1980,J00360904,LATAM DOMESTICO,LUD,NULL,6,Tripulante de Cabina
42,Deborah Martinez,03/02/1987,G18065401,LACSA,LRC,NULL,60,Tripulante de Cabina
32,Darrell Henderson,14/03/1975,I87476188,LATAM CARGO,UCA,NULL,145,Paramedico
18,Michael Chavez,28/08/1976,O16330677,BRITISH,BTA,NULL,81,Tripulante de Cabina
23,Latasha Nelson,09/05/1986,V51246373,LACSA,LRC,49,110,Copiloto
51,Kristina Gilmore,13/12/1985,B29047250,LAW,LAW,NULL,18,Tripulante de Cabina
0,Jessica Harvey,08/04/1996,L89163667,ALITALIA,AZI,37,40,Copiloto
7,Curtis Gutierrez,14/03/1974,Q46419538,ALITALIA,AZI,7,40,Piloto
46,Heather Arnold,10/01/1999,Y81323264,KALITTA AIR,KAI,NULL,43,Tripulante de Cabina
38,Gabriel Palmer,18/08/1981,O88716397,UNITED,UAN,40,99,Piloto              
8,Jason Edwards,09/02/1975,J22810925,LATAM CARGO,UCA,15,144,Copiloto
38,Gabriel Palmer,18/08/1981,O88716397,LATAM DOMESTICO,LUD,40,64,Piloto
32,Darrell Henderson,14/03/1975,I87476188,LATAM CARGO,UCA,NULL,148,Paramedico
31,Linda Warren,13/03/1975,L01109034,LAW,LAW,50,18,Copiloto
23,Latasha Nelson,09/05/1986,V51246373,NO_COMPANY,NCY,49,122,Piloto
4,Diane Swanson,14/02/1974,F08731569,KALITTA AIR,KAI,NULL,115,Tripulante de Cabina
28,Nicholas Simmons,03/08/1994,W03439988,LAW,LAW,NULL,26,Tripulante de Cabina
21,Kimberly Brown,02/09/1999,H50641909,KALITTA AIR,KAI,51,136,Piloto
34,Ronald Monroe,12/09/1984,C02131672,LATAM DOMESTICO,LUD,2,30,Copiloto
28,Nicholas Simmons,03/08/1994,W03439988,LATAM INTER,LAT,NULL,67,Tripulante de Cabina
5,Miguel Oliver,27/08/1992,E21376006,LATAM DOMESTICO,LUD,NULL,50,Tripulante de Cabina
58,Samuel Jimenez,07/01/1984,B79815379,UNITED,UAN,NULL,99,Tripulante de Cabina
31,Linda Warren,13/03/1975,L01109034,NO_COMPANY,NCY,50,57,Piloto
59,Jacob Duran,25/02/1988,A85793465,LAW,LAW,17,2,Piloto
52,Sara Sims,10/07/1999,F00773862,KALITTA AIR,KAI,NULL,53,Paramedico
11,David Tran,07/08/1975,B62958600,LATAM INTER,LAT,NULL,134,Tripulante de Cabina
12,Ronnie Moore,12/01/1997,L28170812,LAW,LAW,NULL,9,Tripulante de Cabina
20,James Singleton,12/08/1977,U46471214,KOREAN AIR,KEA,NULL,20,Paramedico
51,Kristina Gilmore,13/12/1985,B29047250,LAW,LAW,NULL,48,Tripulante de Cabina
25,Danny Pratt,31/10/1998,E10934506,LATAM ECUADOR,XLE,36,21,Copiloto
11,David Tran,07/08/1975,B62958600,LATAM INTER,LAT,NULL,83,Tripulante de Cabina
54,Gene Obrien,02/07/1999,Q49180524,ALITALIA,AZI,0,101,Piloto
34,Ronald Monroe,12/09/1984,C02131672,LATAM DOMESTICO,LUD,41,121,Copiloto
40,Brian Berry,22/12/1998,N92528667,LAW,LAW,NULL,96,Paramedico
19,Desiree Williams,19/03/1993,Z32250364,LATAM DOMESTICO,LUD,NULL,34,Tripulante de Cabina
37,Joe Cabrera,13/08/1994,O98651462,QANTAS,QAF,25,15,Piloto
12,Ronnie Moore,12/01/1997,L28170812,LAW,LAW,NULL,48,Tripulante de Cabina
59,Jacob Duran,25/02/1988,A85793465,LAW,LAW,48,35,Copiloto
42,Deborah Martinez,03/02/1987,G18065401,LACSA,LRC,NULL,24,Tripulante de Cabina
40,Brian Berry,22/12/1998,N92528667,NO_COMPANY,NCY,NULL,23,Paramedico
35,Francisco Rich,21/02/1996,D89562085,QANTAS,QAF,NULL,31,Paramedico
17,Laura Ward,23/01/1981,I74549867,ETHOPIAN AIRLINES,ETA,28,120,Copiloto
22,Rodney Wilson,18/10/1973,R08362516,ALITALIA,AZI,NULL,49,Tripulante de Cabina
26,Elizabeth Jordan,16/09/1974,S70038299,LAW,LAW,NULL,82,Tripulante de Cabina
59,Jacob Duran,25/02/1988,A85793465,OCEANAIR,COG,48,129,Copiloto
38,Gabriel Palmer,18/08/1981,O88716397,LATAM DOMESTICO,LUD,31,64,Piloto
4,Diane Swanson,14/02/1974,F08731569,KALITTA AIR,KAI,NULL,138,Tripulante de Cabina
14,Ronnie Macias,12/02/1988,J06543685,EASTERN AIRLINES,EAL,NULL,74,Tripulante de Cabina
19,Desiree Williams,19/03/1993,Z32250364,ETHOPIAN AIRLINES,ETA,NULL,69,Tripulante de Cabina
24,Eric Phelps,01/10/1994,B96464671,LATAM ECUADOR,XLE,35,95,Copiloto
13,Bradley Glenn,17/10/1975,U87751971,LATAM CARGO,UCA,NULL,72,Tripulante de Cabina
8,Jason Edwards,09/02/1975,J22810925,LACSA,LRC,15,60,Copiloto
21,Kimberly Brown,02/09/1999,H50641909,KALITTA AIR,KAI,22,140,Piloto
37,Joe Cabrera,13/08/1994,O98651462,LATAM INTER,LAT,25,67,Copiloto
30,Daniel Callahan,13/09/1987,X88103341,LATAM CARGO,UCA,NULL,107,Paramedico
46,Heather Arnold,10/01/1999,Y81323264,LATAM DOMESTICO,LUD,NULL,34,Tripulante de Cabina
0,Jessica Harvey,08/04/1996,L89163667,ALITALIA,AZI,37,75,Copiloto
34,Ronald Monroe,12/09/1984,C02131672,LATAM DOMESTICO,LUD,2,34,Piloto
32,Darrell Henderson,14/03/1975,I87476188,LATAM CARGO,UCA,NULL,146,Paramedico
22,Rodney Wilson,18/10/1973,R08362516,KALITTA AIR,KAI,NULL,138,Tripulante de Cabina
25,Danny Pratt,31/10/1998,E10934506,KALITTA AIR,KAI,47,138,Copiloto
13,Bradley Glenn,17/10/1975,U87751971,KOREAN AIR,KEA,NULL,3,Tripulante de Cabina
25,Danny Pratt,31/10/1998,E10934506,KALITTA AIR,KAI,36,38,Copiloto
59,Jacob Duran,25/02/1988,A85793465,NO_COMPANY,NCY,17,57,Copiloto
45,Jill Haas,10/04/1986,U50608611,EASTERN AIRLINES,EAL,NULL,117,Paramedico
18,Michael Chavez,28/08/1976,O16330677,BRITISH,BTA,NULL,128,Tripulante de Cabina
20,James Singleton,12/08/1977,U46471214,LACSA,LRC,NULL,130,Paramedico
25,Danny Pratt,31/10/1998,E10934506,KALITTA AIR,KAI,47,8,Copiloto
21,Kimberly Brown,02/09/1999,H50641909,OCEANAIR,COG,51,36,Copiloto
35,Francisco Rich,21/02/1996,D89562085,QANTAS,QAF,NULL,15,Paramedico
22,Rodney Wilson,18/10/1973,R08362516,KALITTA AIR,KAI,NULL,137,Tripulante de Cabina
59,Jacob Duran,25/02/1988,A85793465,BRITISH,BTA,17,4,Copiloto
32,Darrell Henderson,14/03/1975,I87476188,QANTAS,QAF,NULL,42,Paramedico
40,Brian Berry,22/12/1998,N92528667,LATAM INTER,LAT,NULL,100,Paramedico
25,Danny Pratt,31/10/1998,E10934506,LATAM CARGO,UCA,36,145,Piloto
46,Heather Arnold,10/01/1999,Y81323264,KALITTA AIR,KAI,NULL,139,Tripulante de Cabina
30,Daniel Callahan,13/09/1987,X88103341,LATAM DOMESTICO,LUD,NULL,64,Paramedico
21,Kimberly Brown,02/09/1999,H50641909,OCEANAIR,COG,22,98,Copiloto
8,Jason Edwards,09/02/1975,J22810925,ETHOPIAN AIRLINES,ETA,15,120,Piloto
9,John Ross,16/03/1979,F40422038,QANTAS,QAF,29,42,Copiloto
47,Michael Compton,07/01/1980,T63857772,LATAM ARGENTINA,LAM,NULL,0,Paramedico
21,Kimberly Brown,02/09/1999,H50641909,AEROVIAS DAP (centro/norte),ADC,22,56,Copiloto
39,Patricia Norris,08/12/1974,Y69764268,LAW,LAW,NULL,97,Tripulante de Cabina
2,Melissa Jimenez,18/12/1998,W08204144,KALITTA AIR,KAI,NULL,137,Tripulante de Cabina
8,Jason Edwards,09/02/1975,J22810925,LATAM CARGO,UCA,15,142,Copiloto
8,Jason Edwards,09/02/1975,J22810925,AEROVIAS DAP (centro/norte),ADC,15,56,Piloto
16,Tracey Harris,05/06/1978,C97271665,ETHOPIAN AIRLINES,ETA,NULL,69,Tripulante de Cabina
33,Samantha Mora,27/10/1990,P24467352,BRITISH,BTA,NULL,29,Tripulante de Cabina
34,Ronald Monroe,12/09/1984,C02131672,OCEANAIR,COG,2,89,Piloto
22,Rodney Wilson,18/10/1973,R08362516,KALITTA AIR,KAI,NULL,38,Tripulante de Cabina
24,Eric Phelps,01/10/1994,B96464671,KOREAN AIR,KEA,35,63,Copiloto
8,Jason Edwards,09/02/1975,J22810925,AEROVIAS DAP (centro/norte),ADC,15,87,Copiloto
19,Desiree Williams,19/03/1993,Z32250364,ETHOPIAN AIRLINES,ETA,NULL,10,Tripulante de Cabina
11,David Tran,07/08/1975,B62958600,NO_COMPANY,NCY,NULL,62,Tripulante de Cabina
59,Jacob Duran,25/02/1988,A85793465,LAW,LAW,48,9,Copiloto
0,Jessica Harvey,08/04/1996,L89163667,ALITALIA,AZI,37,19,Copiloto
2,Melissa Jimenez,18/12/1998,W08204144,BRITISH,BTA,NULL,29,Tripulante de Cabina
43,Rebecca Valenzuela,18/08/1971,G17571521,AEROVIAS DAP (centro/norte),ADC,NULL,127,Paramedico
27,Steven Hernandez,18/11/1997,Z48029074,ALITALIA,AZI,NULL,19,Paramedico
8,Jason Edwards,09/02/1975,J22810925,LATAM CARGO,UCA,45,55,Copiloto
14,Ronnie Macias,12/02/1988,J06543685,BRITISH,BTA,NULL,91,Tripulante de Cabina
19,Desiree Williams,19/03/1993,Z32250364,LATAM ECUADOR,XLE,NULL,58,Tripulante de Cabina
56,Isaiah Riley,18/09/1986,W12727804,BRITISH,BTA,NULL,81,Tripulante de Cabina
59,Jacob Duran,25/02/1988,A85793465,EASTERN AIRLINES,EAL,17,123,Copiloto
4,Diane Swanson,14/02/1974,F08731569,KALITTA AIR,KAI,NULL,140,Tripulante de Cabina
5,Miguel Oliver,27/08/1992,E21376006,UNITED,UAN,NULL,108,Tripulante de Cabina
2,Melissa Jimenez,18/12/1998,W08204144,BRITISH,BTA,NULL,4,Tripulante de Cabina
12,Ronnie Moore,12/01/1997,L28170812,AEROVIAS DAP (centro/norte),ADC,NULL,56,Tripulante de Cabina
30,Daniel Callahan,13/09/1987,X88103341,LATAM CARGO,UCA,NULL,55,Paramedico
50,Adam Herrera,04/12/1976,Y37241205,LAW,LAW,NULL,16,Paramedico
15,Matthew Walsh,20/09/1993,S26547035,LATAM INTER,LAT,46,134,Piloto
13,Bradley Glenn,17/10/1975,U87751971,KALITTA AIR,KAI,NULL,8,Tripulante de Cabina
59,Jacob Duran,25/02/1988,A85793465,UNITED,UAN,48,108,Piloto
56,Isaiah Riley,18/09/1986,W12727804,IBERIA,IBE,NULL,124,Tripulante de Cabina
11,David Tran,07/08/1975,B62958600,LATAM INTER,LAT,NULL,100,Tripulante de Cabina
37,Joe Cabrera,13/08/1994,O98651462,BRITISH,BTA,25,91,Copiloto
18,Michael Chavez,28/08/1976,O16330677,BRITISH,BTA,NULL,68,Tripulante de Cabina
29,Mr. James Baxter,03/05/1982,H06267236,LATAM INTER,LAT,52,11,Piloto
59,Jacob Duran,25/02/1988,A85793465,EASTERN AIRLINES,EAL,48,123,Copiloto
53,Patricia Alvarado,01/08/1983,P27318304,BRITISH,BTA,NULL,128,Paramedico
